Risks,Annual_Returns,MSFT,AMZN,AAPL,GOOG,FB,TSLA,PHO,NFLX,PBW,AZN,ZM,QDEL,IMMU,LVGO,NRG,BE,PLUG,NVAX,AMD,NVDA,Risks_Downside,Sortino_Ratio
0.011943735578667826,0.0,0.02502654892744163,2.4286128663675302e-17,2.8406096919120216e-17,0.06614034972624527,1.7780915628762273e-17,9.49761103097302e-17,0.07545292847228897,0.030965165449317007,1.1492543028346347e-17,0.2666028967891982,6.266688556966216e-17,6.7220534694101275e-18,0.0,8.673617379884034e-18,0.5358121106355089,0.0,0.0,1.550409106654271e-17,0.0,1.0679391398982219e-17,0.008045611617798834,-1.37
0.009752823161771259,0.4365117030473745,7.5884989811804e-18,0.02904876460155767,0.0,4.269670109279422e-17,0.0,6.141685093220027e-18,0.6122354878580887,0.06317331245908744,0.0,0.15166449089398776,1.8455339847462156e-18,0.0,0.0,0.0036179145083979993,0.13300688517563594,3.2548123477768143e-19,9.4393249356759e-19,0.00725314450324429,0.0,0.0,0.006487091406701729,-1.02
0.00980626560778318,0.8730234060947489,0.0,0.020184953704536168,4.00530094409233e-18,0.0,0.0,0.0,0.6154899029303861,0.06133274347738516,6.948372159271245e-18,0.14519421742114794,0.0,0.0,0.003126907533737846,0.014592083669228175,0.13325035778334274,0.0,6.373489770501732e-22,0.006828833480235861,0.0,9.756968187846416e-20,0.006562243283691498,-0.35
0.009893527377525227,1.3095351091421237,0.0,0.012739175394297938,1.2669677292341828e-17,0.0,0.0011454261256160915,0.0,0.6160376083270783,0.06222553109482935,3.571310820884481e-18,0.14160580699598502,0.0015409917118628265,5.0243579104245134e-18,0.00729218111141365,0.018763078187612376,0.1345894267167178,1.0241622817985251e-18,1.550143272263844e-18,0.004060774334586757,1.4858777732696744e-18,1.3736459077584794e-18,0.006627218960650514,0.32
0.010013616815007105,1.7460468121894979,0.0,0.005336314432454514,9.733317622029496e-18,1.2627836179587915e-17,0.008464937272061329,3.823177555999727e-18,0.6131158442759757,0.057814913392639736,0.0,0.13426751306465365,0.0039055816134480007,0.0,0.011293396195530709,0.022659803152618525,0.14056075157914674,3.560141502440156e-18,0.0,0.002580945021471079,0.0,0.0,0.006719820655436529,0.96
0.01015989495616982,2.1825585152368725,0.0,0.001755930304137175,0.0,0.0,0.008763624630153923,0.0,0.6142903852556539,0.055699628313232386,0.0,0.13264978212705392,0.005240865935289029,0.0,0.015538719491601991,0.02621545962963871,0.13906635062719566,0.0,0.0,0.0007792536860432473,0.0,4.3949294207208486e-18,0.006786117559673564,1.6
0.010335296273859285,2.619070218284247,3.4304572765572754e-17,0.0018352243805995008,0.0,0.0,0.007807852433895781,0.0,0.6079280913448339,0.0527669317929015,1.1757675639868765e-17,0.12874923394910265,0.006016859061850586,3.781828602655103e-19,0.01941079229463992,0.03237189317996537,0.1431131215622107,4.1699838159119285e-17,1.4689142806269308e-18,0.0,6.177600366517844e-18,1.633839584354362e-17,0.0068945887972287935,2.2
0.010538886946463571,3.0555819213316213,0.0,0.0012294628064402956,9.576431357139583e-18,0.0,0.006838048629459697,1.3253525583840054e-18,0.6014809093538969,0.052658283009142375,0.0,0.12528482182341655,0.008142106486874391,7.431743934691693e-18,0.02351440528957081,0.03545368642131927,0.14539827617987985,0.0,0.0,0.0,0.0,0.0,0.006979509900773802,2.8
0.010769649602953044,3.4920936243789957,2.0789076994191278e-17,1.0616804690625476e-17,0.0,3.3028811543014084e-17,0.009899401288731806,8.414098626142662e-18,0.5925462911669727,0.05154961992005808,1.657609575513798e-17,0.12426701779005585,0.009060079389893423,1.977497666946327e-18,0.027874236552722014,0.03836262099948031,0.14644073289208576,1.8145806996348223e-17,8.565926096191466e-18,4.72729017375163e-18,1.244509427292687e-18,1.4225176658771543e-18,0.007038750808638634,3.4
0.011026181254050835,3.9286053274263706,0.0,4.6406441185785875e-18,5.606503815592357e-19,0.0,0.009561472805852218,0.0,0.5854062062524654,0.04930858172569543,8.378160149367429e-18,0.12207359692921675,0.01095032529526729,0.0,0.032024604814229626,0.041477690190593205,0.14919752198668024,0.0,0.0,0.0,0.0,0.0,0.007125770791875306,3.97
0.011309809573409182,4.365117030473745,5.375032267574591e-18,2.158065663375041e-18,0.0,0.0,0.005190307333408674,0.0,0.5834391716038453,0.04144430578458781,1.52740493041346e-18,0.11474917197801912,0.012858674650747592,2.0378432433448957e-18,0.03584182828535717,0.04677189227637142,0.1597046480876629,3.605189215029824e-18,0.0,4.088356478875321e-19,1.7999514951556794e-18,1.864207523716919e-18,0.007272368405620049,4.49
0.01160977673496238,4.801628733521119,3.181089994329638e-18,5.1718798853206886e-18,7.0825929283847e-18,1.31709656288932e-17,0.005420239399899454,0.0,0.5827934573916975,0.04260251279548928,0.0,0.11169026700448988,0.01429762674573853,0.0,0.0402780820010323,0.04837062144275096,0.15454719321890215,0.0,0.0,1.1451358710219432e-18,0.0,0.0,0.007326940931461989,5.05
0.011933005522261243,5.238140436568494,0.0,7.946558739176254e-18,0.0,0.0,0.010574538625640437,0.0,0.5726908426764798,0.039717116323904914,0.0,0.11020587377203857,0.01614459730207819,0.0,0.04411128132976741,0.053089409988127084,0.1534663399819637,0.0,0.0,0.0,0.0,2.0737953533861813e-18,0.007428354886876194,5.57
0.012273982534285587,5.674652139615867,2.133261859939382e-17,0.0,2.444146451561126e-18,2.441193162503559e-17,0.00990355160577747,0.0,0.5681628351411914,0.038740110247387056,0.0,0.10734560653344563,0.017180968480047482,0.0,0.048470225100171294,0.05586197486741647,0.15433472802456327,0.0,1.3965520499472991e-18,0.0,0.0,0.0,0.007505112794710164,6.1
0.012633875344976977,6.111163842663242,1.3512687979401859e-17,0.0,0.0,2.1472948870508863e-17,0.013561607897657427,1.2273326591105112e-18,0.5581285068401259,0.03525640054291928,6.874544639026872e-18,0.10534687866529087,0.01824350696814998,0.0,0.05249922425774317,0.06049229593115319,0.15647157889696006,8.470826059942187e-18,0.0,2.0289052588872563e-18,0.0,0.0,0.007606444041315916,6.59
0.013008605577210248,6.547675545710617,0.0,0.0,0.0,1.4324887691190784e-17,0.006777089142161161,0.0,0.5618826782030355,0.03366420307782249,1.29989021347753e-17,0.09773978424800256,0.019762490711053002,3.2712690821692678e-18,0.05688509453307085,0.06271839726062976,0.16057026282422446,0.0,0.0,1.2916590688339494e-17,3.9313492836138526e-18,2.254793876696825e-17,0.007708421674174588,7.07
0.013396011026797593,6.9841872487579915,0.0,0.0,0.0,1.0837882334947308e-17,0.0060781494387715405,0.0,0.5470898372566417,0.03412901009408259,0.0,0.10201325925318636,0.02175962570017641,0.0,0.06072382644230264,0.06748438861029507,0.1607219032045436,2.2269853026887857e-18,6.5891479119087535e-18,0.0,5.154838120303553e-19,1.1852239846534354e-17,0.0078021819377609315,7.54
0.01379909184571852,7.420698951805366,0.0,0.0,0.0,7.145343513487755e-18,0.009252056312333657,9.446789121054022e-18,0.5364107494967288,0.029851405587945683,5.060884772238183e-18,0.10143115395570486,0.0238054352236146,0.0,0.06484692666056771,0.07059217576075219,0.1638100970023525,0.0,3.425861975184058e-18,0.0,2.8746540945316936e-18,9.740751315902236e-18,0.007901497923994555,8.0
0.01421624404389479,7.857210654852741,1.1330895451673602e-17,0.0,0.0,1.5747096547148085e-17,0.01830974941233116,7.448867736317703e-18,0.5211301978501465,0.02532630114495849,0.0,0.09993311226006432,0.02376704545635068,6.636190372540805e-18,0.06930464647502968,0.07405166298962447,0.16817728441149474,1.2432922060577204e-18,0.0,9.471496726541827e-18,0.0,0.0,0.007980727506349462,8.47
0.014642101718355229,8.293722357900116,3.5018190497144234e-18,7.678902508357782e-18,0.0,3.262007198858857e-17,0.016878197594884074,0.0,0.5200181520213492,0.025812199373510505,2.5931966149583763e-18,0.09355874141845752,0.02393962247348854,0.0,0.07331770255065244,0.07955266610494731,0.16692271846271065,0.0,1.0398590217571056e-17,2.3342844916848316e-18,0.0,2.4394332103485328e-17,0.008094122987759047,8.89
0.015077800760354997,8.73023406094749,1.9730295490625398e-17,5.665087897757297e-18,0.0,2.0787048849360765e-17,0.015452234938636771,0.0,0.5152366166559889,0.022791147906218816,0.0,0.09128651648744354,0.025129414347445627,5.9437850099618675e-18,0.07739699584353746,0.08381431171254332,0.16889276210818555,1.6446453578378452e-18,1.2800894739207407e-18,0.0,5.8477147309798635e-19,0.0,0.008204381630213786,9.3
0.015519565885529885,9.166745763994863,0.0,6.331354176144671e-18,3.4155502782396448e-18,1.99690231977094e-17,0.002365002867393341,0.0,0.523500800568275,0.027642470526879032,9.511948952561562e-18,0.08696415366273971,0.02701063461915006,1.7554402850597593e-17,0.08176017161143652,0.08554824744002124,0.1652085187041052,0.0,0.0,1.3670697638840614e-17,2.79517640064101e-18,6.769743683243546e-18,0.008286240128678684,9.74
0.01597427728846296,9.60325746704224,8.705519122014878e-18,0.0,0.0,0.0,0.005889312063339612,7.222581686406998e-18,0.5125003821878916,0.021352225693119502,0.0,0.08659345044756019,0.027982896538128587,0.0,0.08567468661987084,0.09104277376807186,0.16896427268201775,0.0,2.285983422813818e-19,1.100889389887846e-17,0.0,3.046167785920621e-18,0.00841155951126335,10.11
0.016446206005315468,10.039769170089613,6.2984671986633446e-18,1.8857440892566748e-18,0.0,0.0,0.02673373057537441,4.4448643419066576e-18,0.4757285922896208,0.00805292834351598,6.2508972966118755e-18,0.0831990843706097,0.033610844028302334,0.0,0.09004434227583707,0.08953756658671543,0.1930929115300244,0.0,0.0,0.0,0.0,7.883101653051615e-18,0.008553560490820957,10.45
0.016914547346437162,10.476280873136988,2.7938132264552967e-18,2.8069696535209873e-18,0.0,0.0,0.026410019273792603,0.0,0.4681736203133702,0.005643228554355499,0.0,0.08206085039569233,0.034665130558957966,6.305055316306642e-18,0.0941595192886683,0.09375456821157274,0.19513306340359046,0.0,6.436317721874219e-18,2.4939592984661713e-18,0.0,3.146699339075085e-18,0.008660733362471501,10.83
0.017387103042788458,10.912792576184364,1.3599999478940407e-17,1.0169016434006272e-17,1.6345868796601143e-17,0.0,0.02348877624976194,0.0,0.4682069585817575,0.002820228543721381,8.016288571649703e-18,0.08156485591425884,0.0355044623617416,4.70060611925239e-18,0.09826149344893076,0.09809892948779228,0.1920542954120356,7.728090276906747e-18,0.0,0.0,3.0295121821544174e-18,0.0,0.008758705595711723,11.2
0.01786450720896883,11.349304279231735,0.0,0.0,1.2856720134368185e-17,4.494748517762045e-17,0.01995588397775004,9.139938849068207e-18,0.4682206581125838,0.009896259772852524,3.909289800850468e-18,0.07909982494995163,0.037642900759938175,0.0,0.10248949283308184,0.09995856685173404,0.18273641274210808,2.6723812080334088e-18,0.0,0.0,0.0,0.0,0.008825363008793625,11.61
0.0183517229087897,11.785815982279107,0.0,0.0,0.0,0.0,0.021660847838989868,0.0,0.4660858401657667,0.007396282095302972,0.0,0.07475361002098332,0.03818436566606896,5.761694184635904e-18,0.10671816027827946,0.10384685902781116,0.1813540349067976,0.0,1.1994351267376259e-17,1.2683775664024764e-17,0.0,2.3443777970367528e-17,0.008927624274879172,11.97
0.01884268415868854,12.222327685326484,3.1342099158659087e-18,1.3566062650614722e-17,0.0,0.0,0.018444947028206475,2.9726510928783418e-18,0.4646252928382851,0.0032751521177336648,0.0,0.07294917148176461,0.03944726747757809,0.0,0.11064445239466852,0.10885818625488787,0.18175553040687573,0.0,0.0,1.7287023343044294e-17,8.198282531746862e-18,0.0,0.00905750335449091,12.28
0.019341240164373,12.65883938837386,0.0,0.0,0.0,0.0,0.019976830250317858,7.997612263440622e-18,0.4541371941033473,1.572978915527129e-17,1.155777486426757e-18,0.0691993796134682,0.03868993339087006,5.230548741482383e-18,0.11527651634449185,0.11236296322630812,0.1903571830711967,0.0,0.0,4.8714466700728566e-18,0.0,1.4703785696654656e-18,0.009152933837664006,12.63
0.019843607764465983,13.095351091421234,0.0,2.9631904935725036e-18,0.0,0.0,0.01926248940405023,0.0,0.43554429647452775,0.0,0.0,0.0679832701612711,0.04149844015186338,0.0,0.11943655768677125,0.11481537410322305,0.20145957201829345,0.0,0.0,4.358688704325042e-18,0.0,6.1480727104783655e-19,0.009279056098108817,12.93
0.020347629273659167,13.531862794468609,2.2859531228876288e-17,1.0939601983233939e-17,0.0,0.0,0.018216597769639808,0.0,0.4361488880827864,1.9943055615716853e-17,5.638950540544992e-18,0.0643925013493458,0.04211186832776958,0.0,0.12355903390065527,0.11910312672309008,0.19646798384671305,3.7960212276351945e-18,0.0,0.0,9.592312427638903e-18,0.0,0.009382149240257895,13.25
0.0208569730122236,13.968374497515983,1.2390329010630199e-17,1.814776038296256e-18,9.007534785937288e-18,0.0,0.019404066949346262,0.0008961311779754778,0.4291054866048526,0.0,0.0,0.06544095342646289,0.046099050772046096,5.030873252197795e-19,0.12770996890918293,0.11835049810668236,0.1929938440534515,8.021056601807717e-18,1.083982498599228e-17,1.0158249945655894e-17,0.0,1.9991786160656847e-17,0.00947394237198672,13.58
0.021369841901128308,14.404886200563354,0.0,0.0,1.0288604568238488e-17,0.0,0.0163795060526676,0.0014242398178988438,0.4237970977316844,5.2317363394549586e-18,5.031277646400466e-18,0.05700052520919425,0.04409972828988455,0.0,0.13157551196084888,0.12653225595725726,0.1990643459300445,0.0,1.6552309760902723e-19,0.0,0.0001267890505198809,4.596901021307266e-18,0.009649651193801385,13.79
0.02188611744748085,14.841397903610732,1.831907506009235e-17,0.0,1.092560906034537e-17,1.2246177369804211e-17,0.014635944953185731,0.0037496246340033134,0.4173736678354705,0.0,0.0,0.053933943574676346,0.04664781766685192,0.0,0.13579638087361792,0.12439191603148095,0.20174798335246846,0.0,0.0,0.0,0.0017227210782447381,0.0,0.00977942960174071,14.05
0.02240013397015846,15.277909606658106,6.483409931852986e-18,5.5229375289247625e-18,0.0,2.541193477403843e-17,0.0,0.00521034733814586,0.42746450738808,6.532107209784108e-19,0.0,0.05813589092863166,0.046427568759168,5.439163363242308e-18,0.13921828044770465,0.13194945859454138,0.19101671043780208,0.0,7.158576629116955e-19,0.0,0.0005772361059262615,4.912743022880497e-18,0.00992853440230954,14.28
0.02292151366758158,15.714421309705482,0.0,1.7746126271616015e-17,0.0,2.75010622980452e-17,1.433452373310456e-16,0.006168212574189908,0.4187560188772973,5.5529746081132875e-18,1.893178378148517e-17,0.057299984984690126,0.047746578794826224,0.0,0.14321495227855294,0.13513279824137334,0.1913240468426996,3.564716992928799e-19,0.0,8.32736227190837e-18,0.00035740740637053565,1.694711821326207e-17,0.010051960326008032,14.54
0.023471245574223792,16.150933012752855,0.0,0.0,0.0,3.3455614306466445e-17,3.117083192452575e-17,0.004795342637192653,0.3234565704654258,1.3813584726717425e-17,0.0,0.0695846875056476,0.05223128865046362,1.3013097776779576e-18,0.14801445384429945,0.13742494712924727,0.26449270976772365,2.2678656244578008e-18,3.591885877046977e-18,0.0,0.0,3.654696388989374e-18,0.01022440752433551,14.72
0.023994410491440625,16.58744471580023,0.0,0.0,2.1221214000591025e-17,0.0,0.0,0.0071038842696601046,0.3222708723816753,9.071588610844487e-18,0.0,0.06317595357532184,0.05205893052952874,1.236324143260312e-18,0.15184224563096738,0.1408784466784106,0.2626643988696688,0.0,0.0,0.0,5.2680647673513164e-06,0.0,0.010384015554771402,14.91
0.024522358802320475,17.023956418847607,5.67785004525315e-19,1.1179074767872396e-17,1.2772214099373044e-17,7.573119799788287e-18,0.0,0.008591136495566047,0.31375210346224724,9.166649357100301e-18,0.0,0.0614068026672983,0.05346108938055237,0.0,0.1555521675131826,0.14467288780156226,0.2625638126795912,0.0,0.0,0.0,8.971772977317548e-18,1.4842287541887447e-17,0.010537276317886327,15.11
0.025053407136137816,17.46046812189498,0.0,0.0,3.809076773578588e-18,1.2509036055870485e-17,5.891021989564545e-18,0.009572541908654971,0.30166054017194804,0.0,1.3594337542139512e-17,0.06416091169545386,0.05429341450731976,0.0,0.15944325150294414,0.14888916431149848,0.2619801759021808,8.021148147151142e-18,0.0,0.0,1.0239230999480948e-18,0.0,0.010658827891819114,15.35
0.025585494198696483,17.89697982494235,8.23410392146784e-18,0.0,1.7043312973428676e-17,3.5712711558166464e-18,2.306473144163596e-17,0.010862375483942564,0.29301420118866045,2.359886215578525e-17,0.0,0.06467039705172077,0.055084301412546124,0.0,0.16340168798795432,0.15223676153075735,0.2607302753444184,0.0,0.0,1.1171296477984295e-18,2.3651151253773062e-18,6.4233947099266925e-18,0.010781185001573669,15.58
0.026118999175988814,18.333491527989725,4.027648468815216e-18,0.0,0.0,7.431528375402907e-18,0.0,0.011499693328277698,0.2872411125716153,1.5355397173295328e-17,1.346523843164039e-17,0.06365886196222045,0.05508214657801103,3.7749123246860106e-18,0.1678784350143444,0.15449524927138142,0.2601445012741498,3.121890209103893e-18,5.699328015865241e-18,1.6065961831348802e-17,0.0,1.5521781858637238e-17,0.010863315078736353,15.86
0.02665538180667296,18.7700032310371,2.6923508202276998e-17,5.30073520026736e-18,0.0,1.835051017086648e-17,0.0,0.01283221371648315,0.2786373536219953,1.3922515587288483e-17,0.0,0.06449105359344283,0.05528029764100893,2.4504729396875928e-18,0.1718534752773571,0.15832619567766287,0.2585794104720498,7.418083514792629e-18,0.0,1.047082562502969e-17,0.0,0.0,0.010983644835279124,16.09
0.02719131831432636,19.20651493408448,0.0,9.413729808700507e-18,6.3566149460053485e-18,0.0,0.0,0.014395634065397256,0.2775707817903996,6.7741384208435325e-18,0.0,0.05769050377393651,0.055830062022922386,4.428776171780141e-18,0.17633137222337347,0.1585553134613006,0.2596263326626702,0.0,0.0,0.0,3.0086610286472748e-18,0.0,0.011089233099602297,16.33
0.02772895825988967,19.64302663713185,0.0,1.4695237006669764e-17,0.0,2.1954199439060078e-17,5.723548210811785e-18,0.01742590297542901,0.27403143347079306,3.304002991922484e-17,2.129170009308269e-17,0.052755696601352924,0.05880531360245082,0.0,0.1800405734010446,0.1582414252126969,0.2586996547362326,9.049453684620523e-18,1.590108329915134e-17,3.0759527481430447e-17,1.8609365348066385e-17,1.435178274575918e-17,0.011253304746519168,16.48
0.02827197672900716,20.079538340179226,0.0,0.0,0.0,1.5939318426342603e-17,3.5111852864853307e-17,0.015980027701371673,0.2604880065304341,7.836366806090389e-18,0.0,0.05720434671757405,0.057912716227943,0.0,0.18394227019813109,0.16720044847742194,0.2558357206116089,4.6867652243567035e-18,0.0,0.0,0.0014364635355152036,0.0,0.011358631616500348,16.71
0.028812194068380512,20.51605004322661,0.0,7.414234545180879e-18,0.0,2.8637040921906714e-17,4.845039480441718e-18,0.017621706143411138,0.2608769102305113,1.082879798311614e-17,2.537666409263779e-17,0.04773275794995927,0.05968736790506313,0.0,0.1882177561873962,0.1675161902171925,0.2578748504935107,2.7053388314271903e-18,0.0,0.0,0.00047246087295586483,8.386802090643352e-18,0.011488336890217363,16.9
0.02935595084013385,20.952561746273968,0.0,0.0,1.6988126584097934e-17,0.0,0.0,0.0185226632562578,0.2523749413877129,0.0,0.0,0.049432186566868944,0.06077492336610564,6.99610351834186e-18,0.1923611693265036,0.17028284864746568,0.2562512674490857,6.488970954483667e-18,3.795431867531194e-18,0.0,1.1275702593849245e-17,1.0571242961786236e-17,0.0115875095870629,17.13
0.029903505737086836,21.389073449321348,3.4466377858170687e-19,1.1899224320334014e-18,2.141547721236584e-18,0.0,2.1862512163365383e-17,0.017782700157150024,0.23975525099590764,1.2883004888712092e-17,5.055432273430112e-18,0.05518669331799187,0.060361897919552675,0.0,0.19656025877886107,0.1754594103080373,0.2522576011417492,2.363682228215269e-17,2.9710713777435175e-18,1.3448988138218362e-17,0.0026361873807501657,4.353539238892198e-18,0.011667782572340779,17.39
0.030447348834757394,21.825585152368728,1.2717006557052419e-17,5.435378993179124e-19,0.0,0.0,0.0,0.02251400615756044,0.23743970791845576,5.3082627859863336e-18,6.506837977262582e-18,0.04282971990487877,0.06706475556796852,5.0872014387492396e-18,0.1990011755711574,0.17505163654089229,0.2522149856933755,9.518357237665002e-18,9.853175669807519e-18,1.2976908573938747e-17,0.0038840126457112562,0.0,0.011961222416365292,17.33
0.03099364931404715,22.262096855416093,0.0,0.0,0.0,0.0,1.5258716972772623e-17,0.025745828160682827,0.2339851970468899,5.184338322172271e-18,0.0,0.04003801635173281,0.06734392484869814,9.363083967780207e-18,0.2030477844472564,0.17687526958927974,0.25214657661556794,9.486170249028295e-18,0.0,0.0,0.0008174029398923138,2.3618126483787074e-18,0.012088561508427817,17.51
0.03154225711951472,22.698608558463476,0.0,4.962397879140553e-18,1.5275117192868118e-17,0.0,2.0625285776391125e-17,0.025346156749301137,0.22808414176811465,0.0,0.0,0.03696652049623556,0.06904505475274716,1.3307494413431862e-17,0.20729299102717447,0.17956781803075375,0.2516855235787245,0.0,0.0,3.951016793386186e-18,0.002011793596948805,0.0,0.012193630409963012,17.71
0.032091603346707166,23.135120261510853,0.0,0.0,0.0,3.015537256522708e-18,1.2592100776993055e-17,0.026546128549689626,0.2225897536804758,1.3661407454213378e-18,0.0,0.03445010881794114,0.069841397155069,1.2610291977120162e-17,0.2113588494864337,0.18240558377225333,0.2508286930206457,1.060436319386223e-17,0.0,1.1645850022962219e-18,0.0019794855174915128,2.3256411315103547e-17,0.012314910862597,17.89
0.03265966500998909,23.57163196455821,1.4504979743283863e-17,1.3636222315910665e-17,0.0,7.474222065699542e-19,0.0,0.02757006294233132,0.19387641660536026,0.0,0.0,0.08351896620431339,0.06737087386061162,5.366475965568362e-19,0.2162470525747397,0.18467028424326146,0.2254248911935952,0.0,0.0,7.449633088358131e-19,0.0013214523757871675,0.0,0.012169098518188235,18.47
0.033193323630051084,24.008143667605594,0.0,3.4355793336756974e-18,1.2528587468570107e-17,0.0,0.0,0.027971427410180563,0.21315489426328826,4.526844603098473e-18,4.3001764451409744e-18,0.028500457411268644,0.07114815659691077,5.418811732429242e-18,0.21996908228163387,0.1873591648434639,0.25040093670093405,0.0,0.0,0.0,0.0014958804923201265,0.0,0.012520535543306613,18.3
0.033745708879010745,24.444655370652967,5.302039806720686e-18,0.0,0.0,2.151907402536812e-17,2.5435135615782383e-17,0.0289046239317561,0.2075641842663452,7.43610586856263e-18,3.2774781944185353e-18,0.02650433427118965,0.07204554611538297,2.51318058058574e-18,0.22409105275109129,0.1901606125235868,0.2492589972326673,3.1183902125377847e-17,1.268142162884171e-17,4.534871644076928e-17,0.001470648907980608,2.1152547014738765e-17,0.012634308279600943,18.48
0.034299317232985425,24.881167073700343,0.0,0.0,3.882596583376709e-18,4.995501634179095e-18,0.0,0.028402806466699963,0.20053123155430447,1.7406807980985224e-17,0.0,0.02566229179847665,0.07313139440886493,0.0,0.2282889952795503,0.1934214167807541,0.24677859977070635,0.0,0.0,3.4552444243639703e-18,0.003783263940643268,0.0,0.012736179424234547,18.67
0.034853173873956256,25.31767877674772,0.0,3.9316583449096085e-18,0.0,8.532380471796923e-18,1.4188821117779053e-18,0.028964020391833368,0.1967455094349081,2.5911469244076588e-17,0.0,0.023375043752539786,0.07321308265296424,1.0747126532858012e-17,0.232724806625434,0.19757373287748675,0.2474038042648338,0.0,3.3363860834914047e-18,0.0,0.0,0.0,0.012824467240338892,18.88
0.0354082629262838,25.75419047979509,8.326113065152678e-18,4.480135853834043e-18,4.573497440336421e-18,1.6761813662782414e-17,0.0,0.02977125414583618,0.19093085090395626,0.0,3.3128625617638662e-18,0.020559166769516544,0.07459587212675006,2.0656233442909538e-18,0.2367484345503435,0.1996473397705908,0.2456747585963737,4.073306826261974e-18,5.5827251473602876e-18,0.0,0.0020723231366330526,0.0,0.012950173746230174,19.04
0.03596408484190183,26.190702182842468,0.0,0.0,0.0,2.1298954749888287e-17,3.5509998254852036e-17,0.029670689532034406,0.1872065632942688,0.0,0.0,0.015762837967412176,0.07516347795768155,0.0,0.2410970090369396,0.2038023291237903,0.2468688120735664,4.274304703023882e-18,1.6875378990083211e-18,0.0,0.0004282810143067671,9.548549983800364e-18,0.013057273504581612,19.22
0.03654842236230752,26.62721388588984,5.6448638403623376e-18,5.954183053962117e-18,3.482805807427342e-18,0.0,1.0408340855860843e-17,0.04327613756182752,0.15845602603930115,0.0,0.0,0.07763881341986642,0.07263546653757047,0.0,0.2427613160475141,0.2048627975856009,0.2003694428083192,0.0,5.483707523727034e-18,0.0,5.698807047512144e-18,2.8970364941058195e-19,0.013105452859086675,19.48
0.037077901939584816,27.063725588937217,0.0,3.7232035663210025e-18,1.8224460218917367e-18,0.0,0.0,0.03343272861155145,0.174459941652784,3.6831664585856714e-18,0.0,0.01759102741720545,0.07779725809241081,0.0,0.24889403872518195,0.20825253234257327,0.23957247315829314,0.0,0.0,0.0,0.0,0.0,0.013293901329695917,19.53
0.03763515727039126,27.500237291984593,0.0,3.8889525265478634e-18,0.0,1.0366528809931785e-18,0.0,0.03368922786916892,0.1706470049749623,2.7029412649169475e-18,5.1163321652082675e-19,0.01044785180996246,0.07774118092034875,5.305831271294055e-18,0.25307442969989635,0.2122841711352141,0.2409832615237343,0.0,0.0,0.0,0.0011328720667128664,0.0,0.013427939918194043,19.66
0.0381935128791265,27.936748995031966,0.0,0.0,4.3493344115202536e-18,7.682958205566384e-18,7.103252743656769e-18,0.03513938486822493,0.16614223663037336,0.0,0.0,0.0062275938939512,0.07873208816013733,1.1003765065047051e-17,0.2570791647547074,0.2149072245991372,0.2407461880770353,0.0,0.0,0.0,0.0010261190164333027,0.0,0.01356103406418549,19.79
0.038752672301125744,28.373260698079342,0.0,0.0,0.0,0.0,1.2512076396016779e-17,0.0366107052809536,0.16111301734338135,1.0515522547622312e-17,2.238193430932941e-19,0.004123941774877724,0.07905563779792121,0.0,0.2612381719740506,0.2170019575872708,0.2391425269265763,0.0,0.0,0.0,0.0017140413149686381,3.806832464402484e-18,0.01367292560599756,19.95
0.03931295163065138,28.809772401126715,0.0,1.2285080209703132e-17,4.340988275605229e-18,0.0,0.0,0.03864675715708921,0.15726917998545015,0.0,6.100043160538011e-18,0.00034863154093496464,0.07895019499665724,0.0,0.2655946165234721,0.2181544742094002,0.2397450319425896,0.0,0.0,2.2848311425387608e-17,0.0012911136444065938,0.0,0.013777050962497534,20.11
0.039872870352540425,29.24628410417409,0.0,0.0,1.0878802152766795e-18,0.0,0.0,0.03805081907726384,0.15018547651467462,8.258619952979976e-18,0.0,0.0003828488311305807,0.07761234642690451,0.0,0.26964048098219034,0.22408888152314554,0.2344168487425855,1.2675324220528127e-17,0.0,1.0602093622061307e-17,0.005622297902105111,3.3610966897288554e-18,0.013892123968169514,20.26
0.040433980735846836,29.682795807221463,0.0,5.453207487362475e-18,0.0,0.0,1.7639311913024147e-18,0.03914518134553671,0.1447861989560032,1.3260089613908955e-17,8.343780898638648e-18,0.0,0.0780832810299956,0.0,0.2737332703524913,0.2270493410890177,0.2312017984428749,0.0,0.0,0.0,0.0060009287840807855,3.7974753125579126e-18,0.014000545341385227,20.42
0.04099545125614154,30.11930751026884,0.0,0.0,0.0,0.0,0.0,0.04176398951738949,0.13948576218115125,0.0,0.0,0.0,0.07990441966960579,0.0,0.2774988036465416,0.2284846027498389,0.22738538774568345,8.028646334822878e-20,6.775489311419806e-19,1.4415592996430054e-17,0.005477034489789384,1.2132510403628114e-17,0.01412912053299908,20.54
0.041558481200924056,30.555819213316212,1.1869476018814891e-17,5.147115274999708e-18,7.425645094764435e-18,2.6107714889760888e-18,8.297294818706702e-18,0.0416425168634625,0.13530214689791625,8.058236971554078e-18,5.4092964477252065e-18,0.0,0.0790830404466598,1.2063877760511879e-18,0.28219582922053343,0.2321195840981929,0.22565411696290755,8.757752556526624e-18,0.0,0.0,0.004002765510327472,0.0,0.01418929242888698,20.76
0.04212181156539769,30.992330916363592,0.0,0.0,0.0,0.0,0.0,0.0443745608659969,0.13105616412390067,2.5238598810843966e-18,3.839862281980738e-19,6.938893903907227e-18,0.08086963682722158,0.0,0.2861850684259057,0.2327709160937904,0.2226063887081218,0.0,0.0,0.0,0.002137264955063146,0.0,0.014298050565388232,20.91
0.04268377648841119,31.428842619410965,1.0135924743203595e-17,1.381525173285779e-18,0.0,0.0,0.0,0.04630601505569167,0.12462579148479433,9.930076629965222e-19,7.238245387311957e-18,2.5232294335592523e-17,0.0821230190207604,1.3537396679253175e-18,0.2893855521200843,0.23864131185429865,0.21662304549672545,0.0,0.0,2.1498437560608222e-17,0.0022952649676453904,1.1736535972031647e-17,0.014473560866739565,20.95
0.04324903692191077,31.86535432245833,8.581198929386328e-18,2.943172145163052e-18,0.0,6.29792956535521e-18,1.637178961007493e-17,0.044267079374625685,0.1209866092039799,8.328009170294303e-18,3.6426633427526564e-18,0.0,0.08020662525582416,1.9880847485775724e-18,0.2942558017646709,0.24567633680446266,0.21460754759643672,5.208750926672546e-18,8.214559316493833e-18,2.2032329350468793e-17,1.5289589048107e-17,0.0,0.014525987614017124,21.18
0.043812172404854126,32.30186602550571,2.2402064976948966e-17,5.822405984623127e-18,9.265222118935123e-19,7.054701198416861e-18,2.247940056749797e-17,0.04842931702987549,0.11438256161984175,1.4730768060405565e-17,5.436393179198473e-18,4.916895320292328e-18,0.0841613847964098,0.0,0.29701169211169043,0.24715893054498664,0.20734617528924493,2.890149882344536e-18,0.0,5.157388999825308e-18,0.0015099385854509995,0.0,0.014727308358889114,21.19
0.044377647556130696,32.738377728553075,0.0,0.0,0.0,1.5221047049863238e-17,0.0,0.0485496691741042,0.10965676815033032,0.0,0.0,0.0,0.08453107649481724,1.1313186417985047e-18,0.3009407008574013,0.2533576072247441,0.2029641780986028,0.0,1.098581832828802e-18,8.379382332996836e-18,0.0,0.0,0.014848821081739095,21.31
0.0449435729875892,33.17488943160046,1.5224800117511422e-17,0.0,0.0,0.0,4.871435960467648e-18,0.05167100130899522,0.10416144217834032,4.246725048325421e-18,1.0937017681889495e-17,6.679731365205416e-18,0.08807391213231852,0.0,0.30413180353139946,0.255005682530874,0.19679605029535624,2.0174478136274583e-18,0.0,1.7253564654412033e-17,0.00016010802271605913,7.017978614334476e-18,0.015015792985797916,21.36
0.045510456923262735,33.611401134647835,2.506342863771728e-18,0.0,0.0,1.9082846157243197e-18,1.3063697360894015e-17,0.05161629419393116,0.0992569347821242,0.0,0.0,4.299687844330583e-18,0.08833040427798983,0.0,0.3079990068188124,0.2613178204363895,0.19147953949075305,2.5692754139719938e-18,2.843272369618858e-18,5.3718115194531365e-18,1.3365236419715014e-17,1.7578984236697607e-18,0.015143618930223387,21.47
0.046077204849264836,34.047912837695215,0.0,0.0,1.5407618911710373e-17,7.312745737976033e-18,0.0,0.053846856208614784,0.09501712702961726,0.0,0.0,2.133350501135924e-17,0.08896875511453255,0.0,0.3119597338886521,0.2632648942463579,0.1869426335122256,3.4161936331342397e-18,5.718108169768891e-18,0.0,0.0,0.0,0.015254515671723154,21.6
0.04664450735210245,34.48442454074258,0.0,1.054627191937101e-17,2.366621161207656e-18,1.4540729632690674e-17,0.0,0.05654784885468338,0.0910189917428888,0.0,0.0,1.9575048214788928e-17,0.08997957384261743,2.456286102956438e-18,0.3159867193956433,0.2637482797980809,0.1827185863660863,0.0,1.150676526068116e-18,0.0,0.0,0.0,0.015357001956403068,21.74
0.047212871754897585,34.92093624378996,0.0,3.7481708135513085e-18,0.0,3.6468934833662796e-18,0.0,0.057672678641314375,0.0865139781935794,1.3225655837804014e-17,5.636091328085935e-18,0.0,0.09142556826944193,4.938021402034003e-18,0.3197063988042551,0.2677536217931958,0.1769277542982136,0.0,0.0,0.0,0.0,0.0,0.015489334144258408,21.83
0.04778103299189907,35.35744794683733,5.513229669841061e-18,1.0336172173121618e-18,0.0,0.0,0.0,0.059380786829083584,0.08286339774212031,0.0,1.791533525735809e-18,0.0,0.09135137848567956,0.0,0.3240010902979161,0.2693993288068418,0.1730040178383587,6.857309597467139e-18,4.519498362560245e-18,1.960602151249861e-18,0.0,1.9745357734705198e-18,0.01557496176936066,22.0
0.04834965050125832,35.7939596498847,1.991126327260029e-18,0.0,1.7794651676569252e-17,6.231923046542116e-19,0.0,0.0601268651117151,0.07905057375324738,0.0,2.046337043817573e-18,0.0,0.09067935394164853,4.235195691778701e-18,0.3284008948126784,0.2724287819075756,0.1690723011649439,2.1827082193509182e-18,0.0,3.000278655827188e-18,0.00024122930819107992,9.897544564141231e-18,0.01565717336256798,22.16
0.048918987207535874,36.23047135293208,0.0,8.191857500459481e-18,0.0,1.264255484443615e-17,8.725080837747467e-20,0.061124044120039675,0.07499910095819999,0.0,4.594355235247968e-18,3.07012016097566e-18,0.09092904727703326,2.0855361411966383e-18,0.3325119266742812,0.2754149528134091,0.16397883277797598,2.4112488133206943e-18,3.060056485867785e-18,0.0,0.0010420953790606102,0.0,0.015760012355653785,22.29
0.049489011736244,36.666983055979465,0.0,2.644053269403798e-19,0.0,0.0,0.0,0.0615439439170969,0.07047250682411309,0.0,5.324175342685124e-19,0.0,0.091669251450859,3.843251324598727e-18,0.3363179649005137,0.28001510543032965,0.1573098655505811,0.0,0.0,0.0,0.002671361926506605,3.4507235609749587e-18,0.015889779810033512,22.38
0.05005915718499112,37.10349475902683,1.6712830630976324e-17,0.0,1.1676512120377165e-17,1.560382197993819e-18,1.1041049788198087e-17,0.06260945258575945,0.06617011380341352,0.0,0.0,0.0,0.09238017205888363,2.792543908829817e-18,0.3403871389194306,0.2824745755070171,0.15214513176113015,1.408728754461434e-18,0.0,5.539300232982241e-18,0.0038334153643654213,2.8634753601998074e-17,0.015995370487482327,22.51
0.05062972996277503,37.5400064620742,0.0,0.0,9.027864727162076e-18,0.0,2.432129865798545e-17,0.06388596329327349,0.062339764068154425,1.1988101409897374e-17,0.0,4.18619774409427e-18,0.09240906984612478,0.0,0.3447307174183461,0.2836384859056702,0.14751792182935294,4.422491620326064e-18,3.1675634938001547e-18,0.0,0.0054780776390781685,1.0255843732906983e-18,0.0160780003911733,22.66
0.05120053060393257,37.97651816512158,0.0,0.0,0.0,1.382362377465727e-18,1.3999514422046047e-17,0.06482247640974248,0.05812062493810331,0.0,0.0,0.0,0.09326640278119046,1.8683507198340085e-18,0.3488221172373582,0.28657487103023405,0.1430210318707758,0.0,2.464497435196315e-18,0.0,0.005372475732595868,0.0,0.01618263206426012,22.79
0.051771864602513984,38.41302986816896,0.0,0.0,0.0,5.929125642790656e-18,0.0,0.0660938368349986,0.05349596665437447,0.0,0.0,0.0,0.09492527086981813,0.0,0.35277212495028515,0.2882900531309132,0.13772654847996635,3.9673687860796997e-19,0.0,0.0,0.006696199079644383,0.0,0.016295435533073895,22.9
0.052343693830502684,38.84954157121633,0.0,0.0,0.0,1.0128586083990994e-17,9.473522338764592e-18,0.06693308026543128,0.049676511053747374,5.2902913930724086e-18,0.0,0.0,0.0946648113719189,0.0,0.3571659974460942,0.29025737944362034,0.13323414825674282,1.588670402552169e-18,0.0,8.102158513259402e-20,0.008068072162445135,0.0,0.016377138207039302,23.05
0.05292007050175404,39.2860532742637,1.492099331708419e-17,0.0,2.661634861615614e-17,0.0,0.0,0.06768595452972563,0.0487124728646749,0.0,2.4736339118536123e-18,0.0,0.0912086944606403,0.0,0.36178455466999226,0.2918980858060597,0.12353881962475148,0.0,3.0047872195038234e-18,3.786466931547465e-17,0.015171418044155624,2.703020236580314e-17,0.016440630237615165,23.23
0.053482241723156035,39.72256497731107,0.0,0.0,0.0,0.0,5.487456006583928e-18,0.06736453207941571,0.03357036353698428,0.0,0.0,2.6053895722034862e-18,0.09881599069099306,0.0,0.36561648984403694,0.2980084719615807,0.1366241518869894,0.0,0.0,1.3968320921165608e-17,5.693068179112441e-18,1.4980238674444724e-18,0.01658696615712909,23.28
0.05405505513888958,40.15907668035845,7.764522982779575e-18,0.0,0.0,0.0,7.062117696460908e-18,0.06782571687632345,0.028943160735614537,0.0,0.0,0.0,0.10097290421788252,0.0,0.3692203834073582,0.3028442690775461,0.1301935656852752,4.484062805900675e-18,0.0,2.6677683993657598e-18,0.0,5.528862202983197e-20,0.01673306578985286,23.34
0.054627494442800885,40.595588383405826,0.0,0.0,5.371630664180884e-18,5.240803494595073e-18,0.0,0.06927197315333701,0.02533979190859821,0.0,0.0,0.0,0.1009017442136,0.0,0.3737112731377975,0.3038009334741037,0.1269742841125636,0.0,3.8439254700705486e-18,1.520177683090752e-17,0.0,1.8838204259022222e-17,0.016803169309034593,23.5
0.05519945723700486,41.03210008645321,7.028515408859122e-18,0.0,1.1489123318279094e-17,0.0,0.0,0.07062772907876465,0.019170028722587298,0.0,9.51458632244164e-19,0.0,0.10197533106364004,7.713852416334762e-19,0.3776032867339429,0.3070098460597958,0.12361377834126926,0.0,0.0,0.0,0.0,2.0247809257525305e-17,0.016925966932018914,23.59
0.05577080617188648,41.46861178950057,1.0263064588152099e-17,0.0,0.0,2.625980226732131e-18,3.5546002246750426e-18,0.07197263397279559,0.010605004341763423,0.0,0.0,0.0,0.1038975720566292,3.8461632039568886e-20,0.3811269262960888,0.31141673594513536,0.12098112738758758,0.0,0.0,8.912214641942098e-18,0.0,1.478347271940166e-18,0.017082239379987523,23.63
0.05634413939574823,41.90512349254795,0.0,0.0,0.0,0.0,0.0,0.07299416915988156,0.005753003495901025,1.089636632306838e-18,1.2196224135389326e-18,7.294113732977919e-18,0.1044410757115206,7.580235276157509e-19,0.385026000466035,0.3155956999370104,0.11619005122965148,8.255042554043192e-18,0.0,0.0,3.3886299366284718e-18,0.0,0.017205509786649576,23.72
0.05691627393575285,42.34163519559532,0.0,0.0,1.011635794578992e-17,0.0,0.0,0.07471292040451022,6.071532165918825e-18,7.237283375329329e-18,0.0,9.720391932785267e-18,0.10450552677484448,9.00129424385116e-19,0.3893704215315063,0.31689585186284464,0.11451527942629434,0.0,0.0,1.0967345541787619e-17,7.273063526852712e-18,1.6999044251795443e-18,0.017289713161899974,23.85
0.05749203718315338,42.778146898642696,5.5032168143317486e-18,4.306231681367242e-19,0.0,0.0,0.0,0.0754163619387537,0.0,0.0,0.0,0.0,0.10162766655492037,1.068944880115444e-18,0.3946112185693749,0.3177618081035644,0.11058294483338656,7.526885432105356e-19,1.706717919447048e-18,8.29612796516628e-18,5.095750210681871e-18,0.0,0.017302223430300148,24.09
0.05807002623070365,43.21465860169008,0.0,1.7046453810103599e-18,2.4707857642714597e-17,6.313093390102745e-19,0.0,0.0768009374517055,2.361398582379714e-18,0.0,2.927160966733001e-18,4.18387563780996e-18,0.1001484131757904,0.0,0.3991731076584629,0.31750728367352843,0.10129230126904712,1.8563854669909672e-18,5.064195642370432e-18,1.2660846492033755e-18,0.005077956771465595,0.0,0.01736009715304934,24.26
0.05864669298086363,43.651170304737455,2.706524316610028e-18,5.271439972736869e-19,4.332738631753765e-18,0.0,0.0,0.07851323061580376,0.0,0.0,0.0,2.9297483275456994e-19,0.10270734045549687,4.709704622989808e-18,0.4025382672695072,0.3234658687843214,0.09277529287487088,1.9626182884409702e-18,0.0,8.965899788027091e-18,0.0,1.1633399575062412e-17,0.017511059996071606,24.3
0.05922539274459322,44.08768200778482,0.0,3.0360832081373316e-18,2.42324737685161e-18,5.588021066672532e-18,0.0,0.08001293995263357,0.0,0.0,1.927088407920509e-18,3.825723482316727e-18,0.0992722180850179,0.0,0.4072805404864081,0.3256759496731455,0.08596725685966132,1.433190405331599e-18,0.0,0.0,0.001791094943133652,1.633036176197699e-18,0.017560594160491914,24.48
0.059805614834595365,44.524193710832186,0.0,1.6248395001348675e-18,2.2114948985537103e-17,0.0,0.0,0.08202716038374536,0.0,0.0,0.0,0.0,0.0975927560810629,0.0,0.4114646729468176,0.3265805078717481,0.07504073650289761,1.3514386687627823e-18,1.7684144285478955e-18,3.402900731293101e-18,0.007294166213728626,2.8807719581681436e-18,0.017646056201349132,24.61
0.0603853167413191,44.960705413879566,4.3651571731232855e-18,1.5844885962426443e-18,9.048196789039936e-18,0.0,0.0,0.0798720639972859,9.636874330262894e-18,0.0,0.0,0.0,0.09703965040258827,5.6501972674570046e-18,0.4154354745148148,0.3343562652048053,0.0623707693923008,0.0,0.0,2.1160313911053525e-17,0.010925776488204905,1.6837961186482187e-17,0.017781248046409213,24.67
0.06096700066000193,45.39721711692695,0.0,0.0,4.1661380160740845e-18,0.0,1.1267688235263591e-18,0.08230345905204564,6.713642688994422e-18,1.1103880936594215e-18,2.0635930812224803e-18,1.3503084857269776e-18,0.09885865263395326,1.6653428601050458e-18,0.4193810776473652,0.3313310527532221,0.04990840808533787,0.0,0.0,5.265622014990714e-18,0.018217349828076025,0.0,0.017872760617576425,24.78
0.0615468554117689,45.83372881997432,4.5344841135361665e-18,0.0,0.0,0.0,1.3322948810628583e-18,0.08119462379032936,7.806255641895632e-18,0.0,0.0,0.0,0.09909422128871108,3.484947144354259e-18,0.4230755416218755,0.3396766336995449,0.03833477292267882,0.0,7.537403798974783e-19,6.3938156731453236e-18,0.01862420667686019,7.068341742105304e-18,0.01802518461502496,24.82
0.06212742666618976,46.27024052302169,0.0,0.0,0.0,0.0,4.483346030691716e-18,0.08153189833483161,6.7220534694101275e-18,1.4875646390526962e-18,6.148630950485807e-18,8.564914536572174e-18,0.10043649163058606,0.0,0.42701510077998256,0.34287505126558604,0.028010333143010147,5.455313359097641e-18,4.484083172402004e-18,0.0,0.02013112484600368,0.0,0.01814096912959824,24.9
0.06270636370414548,46.70675222606907,0.0,0.0,0.0,1.982453387199812e-17,3.228269518609065e-18,0.08251636294971854,0.0,3.7655274305126234e-18,0.0,1.7766606746468167e-17,0.10040035408673376,0.0,0.4313846919832328,0.3462371170472621,0.02213436409194482,1.8796654627625967e-18,0.0,0.0,0.01732710984110811,0.0,0.01822030156296776,25.03
0.06328406453813708,47.143263929116436,1.1529055832349355e-18,0.0,3.657526555224946e-18,6.833906401124957e-18,4.810091659960127e-18,0.07706998397772644,5.022180119398288e-18,0.0,0.0,3.6493429465991635e-18,0.10392369783862714,0.0,0.4369161326625254,0.3507891682734177,0.0211688657274671,1.2308993972930384e-18,1.3781899329884728e-18,0.0,0.010132151520236287,0.0,0.018252776739705132,25.23
0.06386370910952603,47.57977563216382,0.0,0.0,0.0,0.0,7.047924126327436e-18,0.07781200254607193,1.9266501315790616e-18,9.575503639634283e-18,2.2011783789820488e-18,4.66215467059926e-18,0.1058262414157346,2.5719525777478447e-18,0.4414843694856551,0.3517559216707403,0.016770116716221525,1.1014754841141607e-18,6.394471256985597e-19,0.0,0.0063513481655766615,0.0,0.018311611259640422,25.38
0.06445051764559105,48.01628733521119,9.325184331400034e-18,4.362788414232128e-19,0.0,0.0,4.512562491748443e-18,0.07362004266037868,5.7007344292593175e-18,0.0,1.2234891495351915e-18,5.072144116073226e-18,0.1195097229715536,2.2710796321816667e-20,0.4445974525874557,0.3520165403175439,0.0010426182072177507,3.0883004355363723e-18,0.0,0.0,0.009213623255850584,0.0,0.018507758131580912,25.35
0.0650311690734339,48.45279903825857,3.2633334365304086e-18,2.751188098096946e-19,0.0,3.204050674571326e-18,2.103665212674568e-18,0.07236467773924468,0.0,0.0,2.538752909549953e-18,1.276812877127779e-18,0.11967428296502562,0.0,0.4501022566940721,0.3532270294222298,0.00035693974104758844,5.499810335647786e-18,1.115711660335682e-18,8.400237433878114e-18,0.004274813438380327,0.0,0.018512407194982605,25.58
0.06561385807880123,48.889310741305934,2.667860389462788e-19,1.570070467577638e-18,0.0,0.0,1.149851343602719e-18,0.07163297639538156,2.4405293843900262e-18,2.7784970362599035e-18,3.9836397521406223e-19,0.0,0.11997822133139002,0.0,0.4557060345961803,0.3526827676770481,0.0,2.5760016939614937e-18,8.962237438381509e-19,7.937009172558085e-18,0.0,7.529267490089795e-18,0.01850172931262654,25.83
0.0662015094456518,49.325822444353314,0.0,0.0,0.0,0.0,2.554657084751861e-18,0.07363937489923032,5.6035034543052414e-18,0.0,8.965155535157067e-19,2.7311832548934697e-18,0.12121543199126092,2.4414790484593398e-18,0.4616154671732528,0.3435297259362561,2.1699214874001998e-18,0.0,2.4580954618596467e-18,1.723261241134656e-18,0.0,0.0,0.018428657024065286,26.17
0.06678719664764315,49.762334147400686,2.9243483061529637e-18,1.978906635655944e-18,0.0,3.677118555683649e-18,0.0,0.07021145813657438,0.0,0.0,4.9592516644765535e-18,0.0,0.11013636813259962,2.3041618667028646e-18,0.4683369703111019,0.3513152034197242,1.0866498992845896e-17,0.0,0.0,9.990258842665962e-18,0.0,7.328383850671617e-18,0.01838687579443649,26.47
0.0673813911387703,50.19884585044807,0.0,0.0,0.0,1.6136590153822458e-18,5.965195602816394e-18,0.06792431755061551,1.8773587084986266e-19,6.899341921185021e-19,0.0,1.0685788298834998e-18,0.10878961720014704,0.0,0.4747448748114359,0.3485411904378017,0.0,0.0,5.921378260398069e-19,0.0,1.6313848788511358e-17,0.0,0.018326946255105562,26.79
0.0679793552909869,50.63535755349544,4.842555373368968e-19,1.816235949748734e-18,1.3503708917101262e-18,0.0,0.0,0.06527197054715349,0.0,0.0,0.0,0.0,0.1078173901098514,0.0,0.4811832770057264,0.3457273623372689,0.0,3.694166287830378e-18,0.0,1.964888594772659e-17,0.0,1.578210239832106e-17,0.01826805122684984,27.12
0.06858064076339328,51.07186925654282,2.213993496417469e-18,0.0,0.0,0.0,7.363091581032482e-20,0.06274826146017434,3.031929956153626e-18,0.0,0.0,1.0254338192392899e-18,0.10638409212048884,0.0,0.4876175285766933,0.3432501178426436,9.68690599497541e-18,8.271748107546351e-19,1.2435521707103508e-18,0.0,0.0,2.9305733691396834e-18,0.01821061056695692,27.44
0.06918522717556178,51.50838095959018,0.0,3.766034872761056e-18,1.568946067992059e-17,0.0,1.1507981643713535e-18,0.060336957435436586,0.0,0.0,0.0,7.5323350584063185e-19,0.1047684640787374,2.468241151304283e-18,0.4940437365209861,0.34085084196483995,0.0,0.0,3.0658343553301107e-18,0.0,5.2715254055943145e-18,4.1303174999217046e-19,0.01815408815947334,27.77
0.06979318334384862,51.94489266263757,0.0,0.0,1.1816091615292185e-17,0.0,0.0,0.0577185308247362,0.0,1.5762200674201159e-18,2.9633035980179463e-18,0.0,0.10327483260918216,0.0,0.5004890513119078,0.33851758525417386,0.0,0.0,0.0,1.9124116172123228e-17,0.0,1.6999700283597524e-17,0.01809877168469518,28.09
0.07040452720105507,52.381404365684936,4.451032242762478e-18,1.8504195290571232e-18,0.0,0.0,0.0,0.0547408968891637,0.0,3.0318981290921693e-18,0.0,3.4122866746244987e-18,0.10216155507798336,5.861746979867096e-18,0.5069641228663112,0.3361334251665417,0.0,0.0,1.0030516656952707e-18,0.0,4.963262241344693e-18,0.0,0.018044756695843083,28.42
0.07101888361270749,52.81791606873231,5.16793123583973e-18,6.6678763503654435e-18,4.3495596233724284e-18,6.0145610488692006e-18,1.5554587031800168e-18,0.05195802691793395,1.1608229530656455e-18,0.0,4.155275467129241e-18,0.0,0.10082912363286173,2.94493267269736e-18,0.5134233191112583,0.3337895303379461,7.239449125738682e-18,0.0,2.4479490232165207e-18,0.0,1.0924709980645322e-17,0.0,0.017991572067139108,28.75
0.07163620155486382,53.25442777177968,0.0,0.0,0.0,0.0,1.8873900576319085e-17,0.04928848833068671,0.0,3.2474516772536924e-18,0.0,0.0,0.09933180584758257,0.0,0.5198740257264953,0.3315056800952355,0.0,0.0,8.804954643005409e-19,1.6555084690137064e-19,1.5521197256256905e-17,6.804355017422701e-18,0.017939288701301213,29.07
0.07225638423233961,53.69093947482706,0.0,1.1847629649869944e-18,0.0,0.0,7.061191691598972e-18,0.04672528723252706,4.2456834108227914e-18,8.28051735832857e-19,3.134063220216266e-18,0.0,0.0976010583556462,5.870122238808524e-19,0.5263183432440799,0.3293553111677469,3.815647901615146e-18,0.0,0.0,0.0,0.0,0.0,0.017887977746287847,29.4
0.07287940794100899,54.127451177874434,0.0,1.7912306006388498e-18,0.0,0.0,0.0,0.044197720801604126,2.0405581339325413e-18,4.807519250738171e-18,0.0,8.439024515045808e-18,0.09573916055316332,2.8278528814245894e-18,0.5327615796330052,0.3273015390122275,0.0,4.3341088553216775e-18,0.0,1.016982689050684e-17,5.572129136525397e-19,1.1850793154540387e-18,0.017837664586711544,29.73
0.07350535284226277,54.563962880921814,0.0,5.2228018857345805e-18,4.6972324710977745e-18,0.0,0.0,0.04152109159801072,2.864496457072913e-18,4.421893187311989e-19,8.308104518974246e-18,0.0,0.09415212516289964,2.622936340767116e-18,0.5392148209791721,0.3251119622599176,4.3695517649858014e-18,0.0,4.677916310606786e-18,0.0,2.4328079669896208e-17,0.0,0.01778837696700255,30.06
0.07413402484889976,55.000474583969186,0.0,7.349924065023406e-19,0.0,0.0,0.0,0.03885350855952175,1.0396227484083723e-17,0.0,0.0,3.0161716089430063e-18,0.09253099159361992,3.7586520840427535e-18,0.5456678032775645,0.3229476965692939,2.9135969187558293e-18,0.0,4.299727007723231e-18,4.104723373354714e-18,0.0,4.2775469909860685e-18,0.017740081785313624,30.38
0.07476538965789914,55.43698628701657,1.7571510507918303e-17,3.186828298828368e-18,1.1116803914433087e-17,0.0,0.0,0.03614721678059018,0.0,0.0,0.0,0.0,0.09096838438953647,2.7153798179283107e-19,0.5521236420072957,0.3207607568225776,4.738851858688508e-18,0.0,1.7270399954358742e-17,4.077268619780476e-18,7.866566660784329e-18,3.7685126989302466e-18,0.01769282862702012,30.71
0.0753993744403588,55.87349799006393,5.5309369039551725e-18,0.0,0.0,0.0,0.0,0.033404122012779994,0.0,0.0,2.0344368202242116e-18,0.0,0.08944898163092492,3.786017187061808e-18,0.5585824442630085,0.3185644520932867,2.7825480489780788e-18,5.265282879491598e-18,9.601371202234772e-18,1.7283550831844268e-18,0.0,0.0,0.017646659793212147,31.04
0.07603591867800129,56.3100096931113,5.248893708134492e-18,0.0,5.659170221620146e-18,0.0,0.0,0.03062495237417032,0.0,0.0,8.061003514140837e-18,8.771034584795441e-18,0.08798986722182574,9.374840835431142e-19,0.5650437921296618,0.3163413882743421,0.0,0.0,0.0,3.658894570971506e-18,1.6519245303573184e-17,2.1613065384756924e-18,0.017601578498550315,31.37
0.07667486581642685,56.746521396158684,0.0,0.0,1.20684004588017e-18,0.0,6.076659856765412e-18,0.027978853477640512,0.0,7.94637059763145e-18,0.0,2.9553804848922967e-18,0.0863546565742309,3.319454811755378e-18,0.5714948212746417,0.31417166867348706,2.9277561942118863e-19,1.1110528499030227e-17,0.0,0.0,0.0,3.3047378817851197e-19,0.01755722350418262,31.69
0.07731643165416527,57.183033099206064,0.0,1.000199574522215e-17,0.0,5.974007298025878e-20,3.504464749194518e-18,0.026436374942443136,1.8432303062451648e-19,0.0,3.629228939032649e-18,0.0,0.08565367094359386,3.4661036327486736e-18,0.5778123146364224,0.3100976394775408,0.0,0.0,2.310320773000788e-18,6.737007528583163e-19,1.4388320742661418e-18,4.2904727267425765e-18,0.017508399202807404,32.03
0.07796017481148022,57.61954480225343,0.0,5.460142538350037e-18,0.0,9.12441648219837e-18,0.0,0.02197863732802098,0.0,0.0,0.0,0.0,0.08356039705289081,0.0,0.5844610099775019,0.30999995564158644,0.0,7.649344214518818e-18,0.0,0.0,3.4263496615020704e-18,0.0,0.017474024492149173,32.34
0.07860643048710657,58.056056505300795,5.4646263927884885e-18,4.104764763210857e-18,0.0,6.438274799502737e-18,0.0,0.01905583619269184,1.4230988891727838e-17,0.0,0.0,0.0,0.08260536720494555,5.896330557721163e-19,0.5909272080832356,0.3074115885191269,0.0,1.2892919186060827e-17,0.0,8.476805040980067e-18,4.9367705398957824e-18,2.9708062341609773e-18,0.017433297420657468,32.67
0.07925488514620344,58.49256820834818,0.0,0.0,1.420641917062945e-18,1.6679002183742386e-18,1.4733491417863775e-18,0.016153935038259126,0.0,6.1565532707528336e-18,0.0,0.0,0.08150378560846741,1.0852325292215512e-18,0.5973941660334754,0.30494811331979804,0.0,0.0,0.0,0.0,3.0408727093255887e-18,5.5082057691016035e-19,0.01739379157882876,33.0
0.07990534330015016,58.92907991139555,1.3257743316580722e-18,0.0,7.343141002350372e-18,2.0519133062596185e-17,0.0,0.012999392283697522,0.0,5.1692508073789054e-18,0.0,4.596825950273946e-18,0.0797672099552076,4.877229371785757e-18,0.6039001268558847,0.3033332709052102,3.695925772437968e-18,3.3229893170851368e-18,0.0,0.0,6.88049199300233e-18,1.6328785177629402e-18,0.01735726730964591,33.32
0.08055804983260917,59.36559161444293,0.0,0.0,0.0,0.0,3.309726555972738e-18,0.010084377240333842,4.226489546896868e-18,0.0,0.0,4.317409984061743e-18,0.07847623700836825,0.0,0.6103722404427857,0.3010671453085121,4.4207242817589315e-18,2.481758308848757e-17,0.0,0.0,1.8321164196400638e-17,0.0,0.017320318238479508,33.64
0.0812129199755239,59.8021033174903,1.5735371478965903e-17,4.172593644635273e-18,0.0,0.0,0.0,0.007187684075392109,1.1078186968391787e-17,1.777850072351613e-18,0.0,0.0,0.0774199043945575,0.0,0.6168377508159325,0.298554660714118,7.709325888679526e-19,1.6074400187911202e-17,0.0,7.459676426339636e-19,5.1636601498530275e-18,0.0,0.017284209989637662,33.96
0.08186920793977465,60.23861502053768,5.828406551052382e-18,0.0,4.103057013245082e-18,0.0,0.0,0.005350989029255019,1.1758258322031858e-18,5.287091787328114e-18,0.0,4.0025665144711564e-18,0.07502921873575998,1.0802735590802578e-18,0.6232196950830124,0.29640009715197263,0.0,0.0,2.3170399216162088e-17,0.0,0.0,0.0,0.017244999834427226,34.29
0.08252853303721193,60.675126723585045,0.0,7.526439002142227e-18,0.0,0.0,4.5102951344308145e-18,0.005129290008876034,0.0,2.826110161612158e-18,0.0,2.98772807859584e-18,0.075287267122384,0.0,0.6293805614349112,0.2902028814338289,5.149588559897909e-19,3.8620413798143145e-17,8.205926535338615e-18,0.0,9.720126866319027e-18,0.0,0.017196770241089038,34.64
0.0831890842209894,61.111638426632425,0.0,2.882707665342356e-18,0.0,0.0,0.0,9.71445146547012e-17,2.7833316192932136e-18,3.8456421867353395e-18,0.0,4.485594086249248e-18,0.07347134289643033,1.4606615562684927e-18,0.6360935746748204,0.290435082428749,0.0,7.222005809779977e-18,0.0,0.0,2.2109401453387456e-18,0.0,0.017175528146817925,34.94
0.08385209457828534,61.5481501296798,0.0,0.0,1.616664608576005e-17,7.080641015600884e-18,4.832322342235256e-19,0.0,0.0,6.191371282706187e-18,3.4063102466197392e-18,3.889516118889052e-18,0.0729909509803827,1.8406803434343567e-18,0.6422461607879683,0.28476288823164914,2.5038891975889966e-19,0.0,4.804848191987976e-18,0.0,1.0653528660692232e-17,1.7776491380995047e-18,0.017128694439507756,35.29
0.08451737049399616,61.984661832727184,0.0,3.770419371129791e-18,1.817601994232384e-17,0.0,2.943696464940138e-18,4.163336342344337e-17,0.0,2.2425382188896447e-18,0.0,0.0,0.07236017369304476,0.0,0.6484017606218342,0.27923806568512105,4.8977390459362826e-18,0.0,2.0216614119392843e-18,0.0,0.0,6.54722626237294e-18,0.017083835003536198,35.64
0.08518482275038541,62.421173535774535,7.688522406119401e-20,7.062328413226936e-18,0.0,0.0,0.0,0.0,0.0,5.132158865472727e-18,0.0,0.0,0.071590227576093,0.0,0.6545601468445233,0.2738496255793837,0.0,4.4159851738232516e-18,0.0,6.250406797173136e-18,1.9902620238896227e-18,1.586363495178463e-18,0.017040847433955064,35.98
0.0858543970044391,62.85768523882193,0.0,0.0,0.0,2.5801329029830982e-18,0.0,2.7755575615628914e-17,0.0,0.0,0.0,0.0,0.07072402347800391,0.0,0.6607204607936729,0.2685555157283233,4.086328540504865e-18,0.0,0.0,0.0,0.0,0.0,0.01699965345192585,36.33
0.08652612044401607,63.294196941869295,6.347532693654685e-18,4.842658028441295e-18,7.272786346075012e-18,0.0,1.8034877713165222e-18,5.551115123125783e-17,0.0,0.0,0.0,0.0,0.06987900041487713,5.056460400322432e-19,0.6668803512821235,0.2632406483029992,0.0,3.6846523061654526e-17,0.0,1.0412593947573612e-17,1.0480298509672736e-17,0.0,0.016960263169729733,36.67
0.08720016230855095,63.730708644916675,3.0217467441706936e-18,0.0,9.713646597097267e-19,6.829733162775892e-18,3.781529387888484e-18,0.0,1.225348263455318e-17,5.4840698556410004e-18,8.710060172883036e-18,1.1557784041199857e-18,0.06928223912222395,0.0,0.6730352691502328,0.2576824917275431,0.0,0.0,0.0,0.0,8.291094519512129e-19,0.0,0.01692290059705757,37.01
0.0878765583039519,64.16722034796405,0.0,0.0,6.373427178116017e-18,0.0,5.344275921587286e-18,4.163336342344337e-17,0.0,0.0,0.0,2.671909358261781e-18,0.06895062772128213,0.0,0.6791848768973284,0.25186449538138944,2.3208716772082074e-18,0.0,4.075716167374331e-18,0.0,0.0,0.0,0.016887798369148953,37.34
0.0885421716619512,64.60373205101142,1.3576291536724348e-18,1.61371034252915e-18,0.0,2.116596649817e-18,1.978414724948693e-18,3.042582850740531e-18,1.1766216636981974e-17,2.9039953945596693e-18,0.0,0.0,0.04624645604770673,1.138983904653034e-18,0.6857825323564449,0.2679710115958484,1.1505057672298491e-17,1.7640686665997286e-17,0.0,0.0,5.257479439272494e-18,0.0,0.016836841257394358,37.72
0.08922025353658042,65.04024375405879,1.752353020955149e-17,0.0,9.948586633119312e-18,1.4740064778881596e-17,0.0,0.0,0.0,0.0,1.3295270679166642e-18,6.179441064684581e-19,0.043802229072047436,0.0,0.6919744490913294,0.2642233218366232,0.0,2.3961166278322348e-17,0.0,5.922831221495762e-18,5.638908899945516e-18,6.926422590921192e-18,0.016798753385551358,38.06
0.08990013277505347,65.47675545710617,0.0,1.06065797842759e-17,0.0,0.0,0.0,0.0,7.978065190137615e-20,0.0,8.972600830235816e-18,0.0,0.041357512299165886,0.0,0.6981663751669067,0.2604761125339274,0.0,4.514527833641421e-17,1.980505259951321e-18,4.895744368442013e-19,6.0348422672687725e-18,5.7354518330265026e-18,0.01676182994006631,38.41
0.0905817690117002,65.91326716015354,0.0,0.0,8.143209010070435e-18,7.246196656878416e-18,0.0,0.0,4.843594611112545e-18,0.0,1.2272140732782563e-18,0.0,0.038913118669533384,1.377994858454109e-18,0.7043582952700501,0.2567285860604166,0.0,0.0,3.084330613067056e-18,0.0,5.8526619913991086e-18,0.0,0.01672607892483889,38.75
0.09126512393691,66.34977886320092,7.674848238804286e-18,0.0,1.623447590227501e-17,0.0,0.0,0.0,0.0,1.3996132565329407e-17,0.0,7.668709506496045e-18,0.03669212114503943,1.954033357412265e-18,0.7105457409602886,0.2527621378946721,0.0,8.98261465282594e-18,0.0,7.058801041465736e-18,0.0,6.245329829755117e-18,0.01669169506564848,39.09
0.0919501631599835,66.7862905662483,3.902003941393104e-18,0.0,1.4921708914918584e-17,0.0,0.0,2.551870520735056e-17,0.0,6.683875100425722e-18,0.0,1.178437640753662e-17,0.03457571539745796,1.033870257140066e-17,0.7167310922917489,0.2486931923107931,0.0,0.0,0.0,0.0,4.2685996429145755e-19,1.2526252124145053e-17,0.01665868365028601,39.43
0.09263685023387508,67.22280226929567,1.976260970438175e-18,2.123158590781801e-18,5.1162584622739025e-18,4.304669002421635e-18,0.0,0.0,0.0,0.0,0.0,0.0,0.03247354577874849,3.3644797412976716e-18,0.7229161588203685,0.2446102954008829,0.0,0.0,6.54487943244401e-19,0.0,0.0,3.8340670374785114e-18,0.016627000534521135,39.77
0.09332514907439744,67.65931397234303,0.0,0.0,1.831296823637408e-18,0.0,0.0,0.0,1.0257423694905815e-17,2.8395703050982162e-18,1.0480569439881784e-17,1.0428870403764604e-17,0.030379719964621483,0.0,0.7291010579607906,0.24051922207458795,0.0,0.0,0.0,1.1106626064394362e-17,1.6535067862190346e-18,3.623967498400208e-18,0.016596652983187698,40.1
0.0940150241348908,68.09582567539043,8.787625461738353e-18,0.0,0.0,0.0,0.0,0.0,4.7652058555070235e-18,0.0,5.0312764910364634e-18,0.0,0.028286413651154464,0.0,0.7352859466971401,0.2364276396517057,8.681313756660725e-18,2.312453045827205e-17,4.737985806066535e-18,6.569949585493902e-18,0.0,0.0,0.016567640515062064,40.44
0.09470644252574303,68.53233737843779,0.0,7.333016850073992e-18,0.0,1.1903115327598425e-17,3.533443927189126e-18,0.0,6.497153026625141e-18,0.0,0.0,0.0,0.026210374702286064,5.9328493203058245e-18,0.7414704892990369,0.23231913599867696,6.585581565601012e-18,8.275629804461309e-17,1.0276487918668356e-17,0.0,0.0,2.6798838061605406e-18,0.016540000390321375,40.77
0.0953993719588563,68.96884908148516,0.0,0.0,1.1327644678508893e-17,0.0,0.0,4.8455665968982325e-18,1.2110317750601692e-17,0.0,0.0,5.907072151216311e-18,0.024154172188935917,1.1300152392892634e-17,0.7476546349674702,0.2281911928435937,0.0,2.1744691020271233e-19,0.0,1.2220902173909864e-17,4.487505273941307e-19,6.413075901950555e-18,0.01651375435693969,41.1
0.0960937756519676,69.40536078453253,1.6667531423685609e-18,2.1945999544459053e-18,3.0902816087695524e-18,0.0,0.0,2.9840098496198076e-17,0.0,0.0,6.7463723487190635e-18,9.790231406444672e-18,0.022077966932593902,0.0,0.7538391812180545,0.22408285184935173,0.0,0.0,4.5376658756295715e-18,1.7337968131660535e-17,0.0,7.758632156733177e-18,0.016488833776627045,41.43
0.09678961546663108,69.84187248757992,1.669169380384294e-18,7.358146037344728e-18,6.968300149268768e-18,0.0,0.0,0.0,3.4374923305705996e-19,0.0,0.0,8.769480722026685e-18,0.01994388330245536,3.136045678202683e-18,0.7600248869315035,0.2200312297660412,6.4835252447380734e-18,1.8133860496181152e-17,5.65367831690584e-18,6.229057609711057e-18,3.7276394175778845e-18,3.070818511971097e-18,0.01646514382353677,41.75
0.09748684184126136,70.27838419062729,0.0,0.0,8.364596508089926e-18,1.1479646317146974e-17,0.0,0.0,3.7500514455539046e-18,0.0,2.803037830641357e-19,3.4561221583634216e-18,0.017643648662677168,0.0,0.7662139201091629,0.2161424312281599,9.312604601177748e-18,7.2579469890609e-18,0.0,8.204628854706668e-18,3.0860127950406943e-19,0.0,0.016442382014097433,42.07
0.09818535703641047,70.71489589367467,0.0,1.3029034857187259e-18,0.0,4.214464132103423e-18,0.0,6.569937287963407e-18,0.0,0.0,7.115642046468322e-18,0.0,0.014695028163958188,0.0,0.7724159375843859,0.212889034251656,0.0,1.9800141074639828e-17,0.0,7.627884124935402e-18,5.880311394480216e-18,0.0,0.01641916320428188,42.4
0.09888512698602936,71.15140759672205,1.2734077963352492e-17,2.7920359275706844e-18,0.0,0.0,0.0,3.4972992280746103e-17,0.0,0.0,5.066006979472323e-18,7.817119254654937e-18,0.009576760235014005,0.0,0.778661405888943,0.21176183387604305,4.492747728518389e-19,0.0,7.868419944357878e-18,0.0,0.0,1.657869200224346e-17,0.016391038963687408,42.74
0.09958638087352024,71.5879192997694,0.0,0.0,0.0,6.308770015077316e-18,0.0,0.0,2.9970484149293803e-18,1.6601741322659352e-18,0.0,0.0,0.007148689945250603,4.425389137328763e-18,0.7848529990843354,0.20799831097041407,3.4514692201156903e-18,0.0,5.4834933907614595e-18,0.0,0.0,0.0,0.016371184889460662,43.06
0.100288927256048,72.02443100281678,1.808802557551337e-18,2.5579237177398758e-18,0.0,1.719182789070553e-18,0.0,0.0,0.0,9.122676314878022e-18,0.0,2.9749630828274e-18,0.0047048702653976785,7.452142045267819e-19,0.7910449074359888,0.2042502222986136,0.0,4.598301684235001e-18,0.0,1.022421380546568e-17,1.812705015925733e-18,0.0,0.016352546736183384,43.37
0.10099273917204896,72.46094270586416,3.532735758084016e-18,5.344837003338631e-18,5.9441425809450836e-18,0.0,0.0,0.0,0.0,0.0,4.360643962209334e-18,1.0172613252865242e-17,0.002260853207449066,3.630120939040905e-18,0.7972368196575458,0.2005023271350052,1.1812694990144488e-18,6.168607986942001e-18,7.444917840012117e-18,8.547003853268076e-18,8.312506828391798e-19,0.0,0.01633517072242036,43.69
0.10169779110598492,72.89745440891154,7.152075580605275e-18,0.0,0.0,1.453131827777453e-17,0.0,5.5397528779493345e-17,0.0,0.0,9.096504047045214e-18,8.962336252282878e-19,7.546047120499111e-17,0.0,0.8034250638848993,0.19657493611510066,9.474543223336946e-18,0.0,0.0,0.0,7.269477259023267e-19,6.278425376747496e-18,0.016319683549540137,43.99
0.10240420835280367,73.33396611195893,1.3362077759070713e-18,4.5764071924896146e-18,0.0,5.960180519470321e-18,1.010617868246689e-18,5.4508743995825817e-17,0.0,0.0,3.7169270431110726e-18,0.0,4.163336342344337e-17,8.99252700475888e-18,0.8095680307751668,0.19043196922483308,1.3951915507041736e-18,8.243870469211939e-18,0.0,0.0,9.696403840527733e-18,9.474191485263536e-18,0.01631378463449991,44.28
0.10311207587129673,73.77047781500629,6.6205620094477735e-18,1.3138750781097487e-17,0.0,0.0,6.8963071938021785e-18,0.0,1.3273926981071984e-17,0.0,6.213988407578142e-18,0.0,0.0,5.250326822106431e-18,0.8157109973788984,0.18428900262110176,0.0,6.728080207881095e-19,2.9701352385331705e-18,7.401745094785814e-18,5.039308651235949e-18,0.0,0.016310347824641927,44.55
0.10382216819512742,74.20698951805366,0.0,1.4027995808343844e-17,0.0,0.0,1.3120753751661511e-17,0.0,0.0,0.0,2.7184123596720883e-18,2.917813684555173e-18,0.002137338835842713,0.0,0.8218111600785689,0.17605150108558834,4.206631915153383e-18,3.2171735966938835e-18,2.20653853238626e-18,1.1749703658147934e-17,1.611093904226863e-18,0.0,0.016318786014579582,44.8
0.10453215080282413,74.64350122110103,0.0,0.0,0.0,5.626477820760241e-18,0.0,1.6255782785004216e-17,4.7959193256924136e-18,3.041786043324016e-18,4.505444627129809e-18,0.0,0.00024354726641119195,7.245818684510105e-18,0.8279920531913794,0.17176439954220954,0.0,3.1178281670538617e-18,0.0,0.0,0.0,1.3187875831223272e-17,0.01631200084120766,45.09
0.10524408738224016,75.0800129241484,0.0,8.189001829818011e-18,0.0,0.0,0.0,1.9788322757380147e-17,9.780762565453963e-18,7.978745009104661e-18,7.01113796555878e-18,4.628037308516447e-18,0.0,0.0,0.8341398977763523,0.16586010222364758,0.0,2.6715143004261338e-18,7.737914588052492e-18,2.217613418581894e-18,6.505091248729121e-18,7.841251357944586e-18,0.0163148200109332,45.35
0.10595746680299814,75.51652462719578,0.0,0.0,9.576105891659667e-18,9.155576250158982e-18,0.0,0.0,0.0,0.0,0.0,4.701766743243138e-18,7.979727989493313e-17,5.300009511614586e-19,0.8402828641761807,0.15971713582381916,0.0,0.0,4.855257789840788e-18,0.0,6.259030163560027e-18,7.476248161574104e-19,0.01632123602764329,45.59
0.10667215550012324,75.95303633024317,2.7955419097019497e-18,4.004458898945576e-20,0.0,1.4563803575231603e-17,0.0,0.0,2.385290358951725e-19,0.0,8.016882308685479e-18,0.0,4.163336342344337e-17,0.0,0.8464258309439743,0.15357416905602594,4.140498213165978e-19,1.236766326926021e-18,8.553813746882787e-18,6.0824231170499636e-18,3.2987225192595142e-18,0.0,0.016330110779500338,45.84
0.10738812736285096,76.38954803329055,0.0,0.0,0.0,0.0,0.0,3.962518444213418e-17,0.0,1.2077601522980867e-17,3.024239039413296e-18,0.0,5.2041704279304207e-17,0.0,0.8525687983249624,0.14743120167503765,7.36667270878002e-18,1.1343367618286154e-17,5.0921396477064715e-18,1.2207155993260951e-18,0.0,0.0,0.016341440261559162,46.07
0.10810535671559617,76.82605973633791,1.1149479334643863e-17,4.694444535193965e-18,0.0,0.0,3.303333116749081e-18,2.0448831074539165e-17,3.495518121683898e-18,0.0,1.375341173771038e-18,7.755391774139073e-19,8.326672684688674e-17,1.6652766351431396e-18,0.8587117647572349,0.14128823524276513,0.0,0.0,0.0,4.633503003410608e-18,0.0,9.745050092074784e-18,0.01635521936946742,46.3
0.10882381884051026,77.26257143938528,0.0,0.0,1.3223026309524159e-17,0.0,4.870332376045409e-19,1.2468453427917405e-17,0.0,0.0,9.276075570204772e-18,3.1181672305488316e-18,2.4286128663675302e-17,2.713553973359781e-18,0.8648547315074878,0.13514526849251204,0.0,1.6102737056547052e-17,4.724178575142887e-18,2.1974512760159982e-18,2.0699105958825e-18,2.2404324706352244e-18,0.01637144192046506,46.52
0.10954348944441836,77.69908314243266,0.0,0.0,0.0,0.0,0.0,1.614493911164727e-17,7.692297055443473e-18,2.0979380845131526e-18,0.0,3.4721267608719946e-18,5.898059818321144e-17,0.0,0.8709976982518491,0.12900230174815094,0.0,1.6001202770319848e-17,0.0,3.2368182633330862e-18,1.1462669492847195e-17,1.6663280151289224e-17,0.01639010065849252,46.73
0.11026434484079416,78.13559484548003,1.3825503682104634e-17,0.0,4.1383403201942575e-18,0.0,0.0,6.183630481228887e-17,1.166156511745094e-18,0.0,0.0,1.638153336349321e-17,4.510281037539698e-17,5.5449600547859265e-18,0.8771406647851167,0.12285933521488335,0.0,3.7753982581866625e-18,1.3173527327132679e-17,5.924662532394366e-18,0.0,6.887082404636657e-18,0.016411187273314264,46.94
0.11098636201739548,78.5721065485274,1.0755582012701876e-17,3.2142017471635987e-18,1.2787253696001787e-17,0.0,5.519702096806213e-20,0.0,0.0,0.0,0.0,0.0,0.0,0.0,0.8832836317364401,0.11671636826356005,0.0,0.0,1.8864408892884355e-18,2.0170760603040763e-18,0.0,7.525724677613965e-19,0.01643469242191309,47.14
0.11170951837522654,79.00861825157476,2.3882353490646563e-19,0.0,7.194326053791246e-18,0.0,0.0,0.0,0.0,9.755411493220284e-18,6.728483293884312e-18,2.310846260548769e-17,0.0,1.006142753598497e-17,0.8894265984842943,0.11057340151570584,0.0,0.0,2.8665164128789425e-18,0.0,0.0,6.27733383817345e-18,0.01646060574131164,47.33
0.1124337919396962,79.44512995462216,0.0,8.530641216905697e-18,0.0,4.77404069666638e-18,5.6881839065085986e-18,0.0,3.1808115387065048e-18,1.5587389024293078e-17,0.0,0.0,0.0,0.0,0.8955695650886838,0.10443043491131634,7.88946409415474e-18,1.8513210126107347e-18,0.0,0.0,6.95371429121005e-18,0.0,0.01648891587780567,47.51
0.11315916129515248,79.88164165766953,0.0,0.0,1.3263437743368619e-17,0.0,0.0,0.0,1.5235763177167064e-17,0.0,0.0,0.0,2.4286128663675302e-17,8.72746867235544e-18,0.9017125318605348,0.09828746813946516,2.435141471724921e-18,1.0193125539532323e-18,7.860744522754875e-18,0.0,0.0,3.5264360875872295e-18,0.016519610510357777,47.69
0.1138856054837298,80.3181533607169,9.185231769108943e-19,0.0,0.0,0.0,0.0,0.0,3.782931085609752e-18,0.0,2.265877529894423e-17,9.974045030372612e-18,0.0,0.0,0.9078554986297228,0.09214450137027716,0.0,0.0,0.0,7.668510604595757e-18,6.375597778395132e-18,2.400202325993797e-18,0.01655267637307606,47.86
0.11461310406813585,80.75466506376428,0.0,0.0,0.0,0.0,0.0,1.1167941390676246e-17,1.3800263076468534e-17,0.0,0.0,1.5918897875423355e-18,4.597017211338539e-17,9.545796598463832e-18,0.9139984653990416,0.08600153460095834,1.136346686318677e-18,3.2023519791052555e-18,0.0,0.0,1.8376325498144862e-18,3.1538871968564687e-18,0.016588099285915835,48.02
0.11534163710084433,81.19117676681165,1.2451473959357743e-18,2.023439196645624e-18,1.6537703181237102e-18,1.892032177554081e-17,3.784603365597266e-18,4.428819418023206e-17,0.0,0.0,1.0373320440463367e-17,0.0,3.4694469519536136e-17,0.0,0.920141432200184,0.0798585677998159,0.0,1.7293513063224695e-18,0.0,2.19280988353656e-19,0.0,0.0,0.01662586418335721,48.17
0.1160711850872476,81.62768846985902,0.0,0.0,0.0,2.9757770677757424e-18,0.0,0.0,3.3029428553211555e-17,1.4575649394116015e-18,1.0009892278948307e-17,0.0,0.0,0.0,0.9262843988966292,0.07371560110337065,0.0,0.0,7.120827801556784e-18,4.8722029691058075e-18,3.9396991051332166e-18,3.129681378817203e-18,0.016665955143783384,48.32
0.11680172903075005,82.06420017290641,9.580589924853615e-18,0.0,0.0,0.0,0.0,3.3052227816271786e-17,1.6232028083581147e-17,1.060761957354191e-17,6.983865099179536e-18,3.4524011051177913e-19,0.0,6.9027137333019995e-18,0.9324273656732748,0.06757263432672525,1.2111856351580842e-17,0.0,4.617616295896669e-21,1.2775526913692787e-17,0.0,1.2036858454507927e-18,0.016708355424534565,48.46
0.11753325035177085,82.50071187595377,4.922670973549614e-19,0.0,3.1115348551724103e-18,3.4957717218865564e-18,0.0,0.0,3.0770524124761068e-18,0.0,6.657641324517645e-18,0.0,0.0,1.0242897072950012e-17,0.9385703324606596,0.06142966753934032,0.0,0.0,8.107028583077701e-20,0.0,7.752986457195381e-18,1.2000130917648351e-17,0.016753047491222157,48.59
0.11826642334616096,82.93722357900114,0.0,0.0,1.1658101666885544e-17,1.1225006750234122e-17,0.0,0.0,4.9797794879919195e-18,0.0,0.0,0.0,0.0003181202371409698,1.1949453995880742e-18,0.9447069283034516,0.05497495145940754,0.0,0.0,2.7523149500280687e-18,0.0,6.146622317418527e-19,6.834763546802415e-19,0.016803287847215412,48.7
0.11899915299051267,83.37373528204853,3.156879231417545e-18,0.0,7.120408787386182e-18,1.1095094460240246e-17,0.0,0.0,0.0,0.0,1.1423059386743772e-17,0.0,8.673617379884034e-19,1.2154441021772444e-17,0.9508562659560816,0.04914373404391819,1.2422012915968865e-17,4.698717381932618e-19,6.724071800930695e-19,0.0,1.148236601477323e-18,1.0330308209006056e-17,0.01684923309984635,48.83
0.11973349931806893,83.8102469850959,0.0,4.989840554037163e-18,0.0,4.482700545120491e-18,0.0,0.0,3.597791365971253e-18,0.0,0.0,7.541162453796729e-19,4.336808689942018e-19,1.664746600829651e-17,0.9569992328734436,0.04300076712655645,0.0,0.0,0.0,5.902582547504197e-18,0.0,1.2990012480094283e-18,0.016900687934834725,48.94
0.1204687529410646,84.24675868814326,2.524764129004147e-18,6.877565145542172e-18,1.1605158188425268e-17,4.9408922448482144e-18,2.6287467861293056e-18,6.938893903907227e-18,0.0,0.0,0.0,4.1369706766384284e-18,1.7889335846010823e-18,0.0,0.9631421995590111,0.036857800440988964,0.0,0.0,5.5070232304931244e-18,0.0,0.0,0.0,0.016954357207865374,49.04
0.12120489740439044,84.68327039119065,0.0,4.470066154892581e-18,0.0,0.0,3.283066632036653e-18,2.7755575615628914e-17,7.320631965479882e-18,0.0,6.155247752479812e-18,0.0,1.6337475465350355e-18,1.0290441725508552e-17,0.9692851664882594,0.03071483351174076,5.557557960454618e-18,6.066555761037707e-18,0.0,1.2471216119387451e-17,2.385641602875637e-19,0.0,0.017010219962643448,49.14
0.12194191649771202,85.11978209423802,0.0,0.0,0.0,0.0,4.158294572647778e-18,0.0,2.065262764890522e-17,0.0,0.0,8.373903710332144e-18,1.1583596732117687e-17,3.587170994313454e-18,0.9754281330166706,0.0245718669833295,0.0,8.648206508292559e-18,1.0110323746561132e-17,0.0,0.0,0.0,0.017068254656096654,49.23
0.12267979453164884,85.55629379728539,3.6121367684296146e-18,0.0,0.0,1.2894113338243614e-17,0.0,2.9923979960599916e-17,5.62281008076259e-18,2.533592042812291e-17,1.2378861921872988e-17,0.0,0.0,0.0,0.9815710997691488,0.018428900230851062,3.478963418139063e-18,1.9763961831577197e-18,5.552555960547338e-18,4.9264803061592636e-18,7.216078522618471e-18,9.569860665129032e-18,0.017128439217079,49.31
0.12341851609274315,85.99280550033278,0.0,7.960168988711519e-18,0.0,0.0,0.0,6.938893903907227e-18,0.0,0.0,0.0,1.2811648948187634e-18,0.0,8.40667930429859e-18,0.9877140666785608,0.012285933321439148,5.813429941952101e-18,2.5966946914565038e-18,0.0,7.163878473138682e-18,6.30305365535651e-19,6.49274348062353e-18,0.017190751065206948,49.38
0.12415806606660752,86.42931720338017,1.3687706814134531e-18,6.448141911286407e-18,3.362203419705448e-18,6.5721269460047296e-18,7.162392632046006e-18,0.0,0.0,2.5172068826975394e-19,0.0,0.0,1.1516315671464838e-18,1.2694099697911905e-17,0.9938570332616208,0.006142966738379291,0.0,0.0,5.895773489891124e-19,7.8862632930620015e-19,3.159407889034818e-18,4.686189718606601e-18,0.01725516714935066,49.45
0.1248984297936628,86.86582890642752,3.686287386450715e-18,0.0,0.0,1.2088854223213374e-17,6.1799523831673745e-18,1.3010426069826051e-18,8.504210790433174e-18,1.2068525432479271e-17,0.0,0.0,0.0,0.0,0.9999999999899224,1.007783591820688e-11,6.315477654728062e-18,8.26704156520197e-19,0.0,0.0,7.860465750519906e-19,0.0,0.0173216639985397,49.51
