Risks,Annual_Returns,MSFT,AMZN,AAPL,GOOG,FB,TSLA,PHO,NFLX,PBW,AZN,ZM,QDEL,IMMU,LVGO,NRG,BE,PLUG,NVAX,AMD,NVDA
0.006856322123460055,0.0,0.0,7.550824063252697e-19,0.0,0.0,3.5780388849206547e-17,0.0,4.942979532804794e-17,0.043746400981136316,4.099652354299467e-18,0.4079044216427995,0.0,0.03616138281832071,1.1216497387071855e-17,2.0295876956832003e-17,0.5121877945577435,1.6132878358123687e-17,5.187201609465921e-18,0.0,3.2351130932300936e-18,1.6034073292093924e-17
0.005699978828933199,0.43651170304737447,0.0,0.0,2.0738040260151937e-18,0.0,0.0,0.0,0.4025569538573954,0.00623367673726304,1.4060038429608513e-17,0.36071590064376635,9.224839904964903e-18,0.04242372813457144,1.1190467967114684e-17,0.0,0.14902172339755168,9.559318596967481e-18,3.3333874760530212e-18,0.03904801722945326,0.0,0.0
0.005621612123492823,0.8730234060947489,3.141459388216566e-16,6.087872772436358e-16,0.0,1.8709373629736776e-16,2.7959342515954544e-16,4.015667896567867e-17,0.613361255529048,0.0,1.5950148045429347e-16,0.2837638997687334,2.3347701351184822e-17,0.04388786477748835,0.003657127530875195,1.1752124961812546e-16,0.015511972544234165,7.265082753298722e-18,0.0,0.039817879849619695,3.480666519050178e-17,0.0
0.005634912317674263,1.3095351091421235,1.5184292819454054e-17,0.0,0.0,2.594142918767578e-17,0.0,2.043780075255343e-17,0.6113830160670044,1.6947642728339013e-16,0.0,0.28185016645453176,2.3317399749070916e-17,0.04315488164598827,0.008682992918764997,0.0,0.014809743408504467,1.0179653444924097e-17,2.668994541405176e-17,0.040119199505206586,2.694500130716277e-17,7.776363281081173e-18
0.00564948656519286,1.7460468121894979,0.0,7.759869256434295e-17,9.20916268386582e-17,0.0,1.2139939983853993e-17,0.0,0.6114162613167863,0.0,0.0,0.27839769270840575,0.0,0.04346114107925667,0.01372448360847491,2.2442655540293672e-18,0.013171558055112057,2.91220891712812e-17,2.519096380669849e-17,0.0398288632319644,2.2920348611243585e-17,5.264626290883921e-17
0.005664270495118858,2.1825585152368725,0.0,0.0,0.0,0.0,0.0,0.0,0.6046856044219923,1.2536582199545385e-16,0.0,0.2808833523473287,2.4945152893311763e-17,0.04233662750924477,0.018733172802823637,0.0,0.012548477914506855,5.0761991491744535e-18,2.2005146489192202e-17,0.04081276500410455,0.0,0.0
0.005680310914588349,2.619070218284247,0.0,1.9874798658215678e-16,0.0,1.3921684126123217e-16,9.043599133977687e-17,0.0,0.6026357458214762,2.6005367210808755e-17,8.83660463950864e-17,0.279847312746306,0.0,0.04189996371055673,0.023763094213813635,5.674609735679222e-17,0.01091057202059678,0.0,0.0,0.04094331148725061,0.0,0.0
0.005697229489869628,3.0555819213316213,4.3031911184584826e-17,1.4763350587248487e-16,4.451763707334264e-17,1.3818744131165074e-16,5.662161449762463e-17,2.1206264437160666e-17,0.6003230963999554,2.0029856140108222e-17,1.0878126830552966e-17,0.27916016106474145,0.0,0.04146173165838231,0.028790093012997623,3.0499615263742095e-18,0.009130320510263539,9.556604164655604e-18,0.0,0.04113459735365934,0.0,4.057879044450892e-17
0.005714965974993239,3.4920936243789957,6.454419170488147e-17,1.0964731788729489e-17,3.415104327417705e-17,2.290002872739128e-16,3.5439075172476175e-17,4.5026485976894554e-17,0.5958451239987101,0.0,1.4277514999928385e-17,0.2788036700413378,8.747717927313477e-19,0.04127616718330201,0.033797484981466036,6.287663896099167e-17,0.008380742813822341,1.7927405018265447e-17,2.4939601973268017e-17,0.041896810981361214,3.3706243558253023e-17,5.7647180204127916e-18
0.005734039503260278,3.92860532742637,8.120379728870627e-17,2.2974250871405427e-16,1.804626501316865e-18,1.7557463710765e-16,0.0,6.82519562776239e-17,0.5988460431618239,7.619200872716486e-17,8.570336747874696e-17,0.2766456093143022,1.079948174012009e-17,0.03954186675011902,0.03877945959767489,4.429236982231223e-17,0.003744856717402459,7.204438706012956e-18,7.992015093045591e-18,0.042442164458676844,0.0,0.0
0.005885095939098776,4.365117030473745,0.0,5.976216624625078e-17,6.018979431105507e-17,0.0,4.3853031295849e-18,1.5400102643069436e-17,0.30869179600855506,3.135550709053928e-17,6.015396029293208e-18,0.3358890097589462,0.0,0.04221591328766053,0.04518870904746977,0.0,0.21454732040699523,0.0,0.0,0.053467251490373374,4.8061389353496645e-18,0.0
0.005905990951697939,4.801628733521119,2.2314640922797332e-17,1.94055572777015e-16,2.2202251753716217e-17,9.869556647965511e-17,5.388311673375472e-17,2.0083612360055876e-17,0.3052275773072841,0.0,3.3117984011043246e-17,0.33391300228981924,0.0,0.04194891022441464,0.050195261387379085,0.0,0.21447796951599687,1.2922352072901342e-17,1.448020512524778e-17,0.05423727927510559,0.0,2.356324480830135e-17
0.005794589912261011,5.238140436568494,0.0,0.0,0.0,0.0,2.3283190163625262e-17,0.0,0.5829426325142824,1.972567379532447e-17,0.0,0.2767434332504262,0.0,0.039317600852923754,0.05388964456254836,0.0,0.0036901423713294056,2.776645355784015e-17,2.0741383993011976e-17,0.043416546448490065,0.0,0.0
0.005816584160961103,5.674652139615868,0.0,1.2799006969603626e-16,1.5219693574390802e-17,1.3180358632701598e-16,8.268741749586961e-17,0.0,0.5794111903641637,4.031819548924247e-17,4.177144876459478e-17,0.27627997549012645,0.0,0.03897169943149652,0.05891245783084087,5.0715412615686496e-17,0.0026083611389081046,0.0,0.0,0.043816315744464075,6.110428213000749e-17,0.0
0.005839537531239228,6.111163842663243,4.936646875291422e-17,7.66121327292408e-18,9.806840569365977e-17,2.1068134891077952e-16,0.0,3.2330855690847175e-17,0.5752309808153242,0.0,0.0,0.27798322707274903,7.21246043165378e-17,0.03788529674918913,0.06396373071498143,2.206987640478038e-17,0.001166991425461015,4.208845716540888e-17,9.00298010415326e-18,0.04376977322229461,7.258969160742841e-17,0.0
0.005863025384725338,6.547675545710617,0.0,0.0,0.0,0.0,2.6597635801415353e-19,3.3452703990955166e-18,0.5707358958342008,0.0,2.787629002936738e-17,0.2765937244906246,0.0,0.038054576060538775,0.06899424551155,0.0,0.0014632097794009613,0.0,0.0,0.04415834832368508,9.140353619574407e-18,1.5670229705528762e-17
0.0058874277446619334,6.9841872487579915,0.0,0.0,9.059228668013948e-18,0.0,4.789847676854883e-18,0.0,0.5671842372499675,0.0,2.9617698656552606e-18,0.2754417387118431,0.0,0.03788528889320862,0.0739994359463576,0.0,0.0006016585935564624,9.301467229102416e-18,4.122199167069287e-17,0.0448876406050671,0.0,5.777144725570557e-17
0.005912652229430601,7.420698951805366,0.0,0.0,1.4223880039575775e-16,0.0,5.942130076577171e-18,0.0,0.5635044477102252,0.0,4.194711058716787e-17,0.2747130876972343,7.793491518489103e-17,0.03745856910975864,0.07902461277290368,0.0,6.595263715024092e-16,4.2231824200107444e-17,3.148252570799192e-17,0.045299282709877556,6.07460176587833e-17,7.477863647531184e-17
0.005938661350253977,7.85721065485274,3.836486485067314e-18,0.0,3.331074563307628e-17,0.0,0.0,5.104066679688967e-18,0.559003874293146,8.490775031169029e-17,1.864252678711456e-17,0.274162644965394,0.0,0.03703633318416801,0.08405364085045958,0.0,5.445134422464494e-16,0.0,2.1740246190444348e-18,0.04574350670683224,0.0,1.7877780073032477e-17
0.005965458661351041,8.293722357900116,6.734791997468376e-17,0.0,0.0,1.8024759352735733e-19,4.403968531593432e-18,0.0,0.5545999120402901,0.0,0.0,0.27351127765759536,3.555929079337095e-18,0.036588970566620874,0.08908073379214371,0.0,1.4636897679600905e-16,4.4733036498793353e-17,3.980597547078118e-17,0.04621910594334995,6.418567111980354e-17,6.262684320552792e-17
0.006070244427989995,8.73023406094749,9.032518486514514e-17,0.0,0.0,7.185291689944376e-17,0.0,6.982639002351481e-17,0.3340448305817305,0.0,3.973941517253516e-17,0.35787685796595065,0.0,0.03703331148591123,0.09484813481261511,0.0,0.11898844394880059,2.5025979494316728e-18,0.0,0.0572084212049921,1.2734251790881593e-17,2.599364097521703e-17
0.006098174116451961,9.166745763994864,0.0,0.0,0.0,0.0,3.7143659189021245e-17,0.0,0.33008103527796706,3.766221427721483e-17,8.296393695721004e-19,0.3570350922297363,1.8206973825279776e-17,0.036723241862893025,0.09988088361532195,6.080061102964772e-17,0.11876056022267263,1.660500913395059e-17,0.0,0.05751918679140936,0.0,0.0
0.006127687971464489,9.603257467042239,0.0,1.2537085647685687e-16,0.0,9.452471905627615e-17,4.554255713160875e-18,0.0,0.3248164719119054,1.1815359739503764e-16,0.0,0.3571074935811622,0.0,0.03680911078804549,0.1049479982894876,3.450103550047235e-17,0.1190303030360095,0.0,2.9461922866365266e-17,0.057288622393389554,0.0,0.0
0.006156958891921159,10.039769170089613,3.431068428198246e-17,3.016054422797075e-16,0.0,1.3678274046687786e-16,0.0,0.0,0.3211804641708332,0.0,0.0,0.3562684976337919,0.0,0.0364967890597291,0.10997990303236205,0.0,0.11850531067315935,0.0,0.0,0.05756903543012421,0.0,0.0
0.0061869134321791254,10.476280873136988,2.908920761299374e-17,2.895713089255501e-17,9.041797100011291e-17,3.564825621409463e-17,3.9688472533113406e-17,0.0,0.3176244498457044,0.0,0.0,0.35542870915939667,5.0898388478938326e-17,0.03618612445966836,0.11501173804116041,1.946113232694126e-18,0.11790951258854067,0.0,1.9884459764553724e-17,0.057839465905529346,5.079471785742532e-17,3.0445044313209794e-17
0.006217544709191603,10.912792576184362,0.0,1.4847648513491922e-17,0.0,0.0,5.446856729205056e-17,1.6251996205969066e-17,0.31414364725886773,0.0,0.0,0.3545899224571696,0.0,0.035877196476199386,0.1200436077727698,0.0,0.11724699745508593,0.0,0.0,0.058098628579907934,6.29962670780896e-18,3.411142988836673e-18
0.006248846457102855,11.349304279231736,4.5832657301391164e-17,0.0,0.0,0.0,2.61796338218295e-17,0.0,0.31073240735074803,1.157988606022363e-16,3.1714118802518464e-17,0.35375384935447196,0.0,0.035570298684438444,0.12507564989151923,0.0,0.11652303526028228,0.0,0.0,0.05834475945854049,0.0,0.0
0.0062808380096269645,11.78581598227911,4.167312301477584e-17,5.494901351616286e-17,0.0,0.0,0.0,3.625302866027542e-18,0.30736118244922495,0.0,0.0,0.3529504092510946,0.0,0.03528213015856731,0.13010941176200722,0.0,0.11574635917410622,0.0,0.0,0.05855050720500001,0.0,0.0
0.006312696275726687,12.222327685326485,3.9239943687765125e-18,3.269711351407676e-17,1.1737210105826232e-17,0.0,0.0,0.0,0.3047496714476616,0.0,0.0,0.35094478079937,0.0,0.03453997767783592,0.1350978826760396,0.0,0.11507761538881991,5.583022813118412e-17,0.0,0.05959007201027303,4.844101700219356e-17,5.442845613520616e-17
0.006345994122360656,12.65883938837386,4.094030653213582e-17,9.639275626512518e-17,3.077405023559304e-17,2.5145937750550757e-17,1.0241137764439746e-18,1.795573289877931e-17,0.301390579943637,8.05238840199732e-17,3.36554084091804e-17,0.35010436024799746,1.921450916374466e-17,0.034240664075319796,0.1401280335499732,3.3979154114719243e-17,0.11427564785154341,0.0,0.0,0.059860714331528835,0.0,6.992544132542382e-18
0.006379914218041828,13.095351091421234,0.0,1.0685574666321935e-17,0.0,1.910402009397571e-17,2.527100182504933e-17,0.0,0.2980770659063891,0.0,1.831871407383359e-17,0.34921294448853685,0.0,0.03393467772190776,0.14515669265459752,7.969829604914561e-17,0.11346305753792194,0.0,0.0,0.06015556169064695,0.0,0.0
0.0064134451582023395,13.531862794468609,2.5274490526474176e-17,2.261748771888507e-16,4.058364150743928e-17,1.4291587958090588e-16,4.971010854728533e-17,2.3791515613159308e-17,0.2956302846835224,1.2586169538959654e-16,1.2942989299889667e-17,0.3458576915543333,1.3862222267874855e-17,0.03311854526337026,0.15014300173309045,6.073849618159008e-17,0.1139293628238605,0.0,2.9326787665419115e-18,0.0613211139418225,0.0,0.0
0.00644954102091616,13.968374497515983,0.0,4.2626603686509316e-17,0.0,4.7800822460069705e-17,0.0,2.870027342812438e-17,0.29137032049184586,4.588322095493212e-17,1.4620454891210047e-17,0.3468807411754003,0.0,0.03328232030524138,0.15520583617525577,3.922943770086574e-17,0.11231705418523519,0.0,3.1351796655732873e-17,0.060943727667021455,0.0,2.105541569296043e-17
0.006485172887500505,14.404886200563357,0.0,0.0,3.6122674539918905e-17,0.0,0.0,0.0,0.28792535099136624,3.8818479742264404e-17,0.0,0.34510837402670896,6.071632431096637e-18,0.03284376193328148,0.1602246610849981,0.0,0.11238633899368934,0.0,0.0,0.06151151296995621,0.0,0.0
0.006521038495969964,14.841397903610732,0.0,0.0,5.345316314798608e-18,0.0,0.0,0.0,0.28551858545813635,5.955574381776781e-18,0.0,0.3433818781936717,0.0,0.03234710459469669,0.16522974560704506,0.0,0.11134407329886177,1.1207377016514133e-17,0.0,0.0621786128475889,1.2858303807621603e-17,4.4647270453725485e-17
0.006490829482442365,15.277909606658106,2.9190327847645703e-18,0.0,9.795157074859706e-17,1.5767865962659207e-16,4.7456544588376285e-17,0.0,0.4780597644794076,0.0,0.0,0.2694975263286687,0.0,0.03038147390082419,0.16960648520353255,9.964167747964223e-17,0.0,0.0,0.0,0.052454750087567094,4.565809376048606e-17,7.478097090423253e-17
0.006529173419142165,15.71442130970548,4.4831616792307444e-17,1.117150887839769e-16,1.1845224302842888e-17,5.307906525954393e-17,1.0189172048661525e-16,1.16821433927982e-16,0.47296502654090333,1.3422878507132948e-16,6.758206536136107e-17,0.2695487536337167,8.413551185470899e-17,0.029993409576952478,0.1746400453716061,3.293699834744653e-17,0.0,4.0917824866680256e-17,8.330905946278445e-18,0.05285276487682112,8.435360256262727e-18,7.018881691159127e-18
0.006568472672547875,16.150933012752855,2.304080835972363e-17,0.0,1.7989727686342736e-18,4.372426750970759e-17,0.0,0.0,0.46921502770412177,0.0,2.0773905756781256e-17,0.2693019236177546,6.104025443965173e-18,0.028437164871295065,0.17966722241039254,0.0,0.0,7.949671960963124e-18,4.498127848802058e-17,0.053378661396436405,2.2205283854151592e-17,3.6719232953008556e-17
0.006673354036617832,16.58744471580023,6.796182972075141e-17,0.0,0.0,0.0,0.0,0.0,0.27245169782485085,0.0,0.0,0.34215799178251693,0.0,0.03121562747433152,0.1854051629075981,4.5710408164076995e-18,0.10667024319346341,2.48254591784022e-17,0.0,0.062099276817239465,1.172094778978994e-17,0.0
0.006712438283435008,17.023956418847604,4.545469425951207e-17,0.0,7.308703546204861e-18,5.157649153176692e-17,6.050546848308687e-17,0.0,0.2695938337466847,0.0,2.7565030525577665e-17,0.3410352504315349,3.1365651183845224e-17,0.030871675283893577,0.19042600526355394,0.0,0.10558424652321102,1.3016638291436957e-17,0.0,0.062488988751122,0.0,5.6072535511311564e-18
0.006752063253833356,17.46046812189498,2.379087132367525e-17,0.0,2.8637484861442e-17,0.0,4.905089878249332e-17,0.0,0.2667526259183982,4.7410768911019934e-17,5.1748551480188027e-17,0.3398693503232488,0.0,0.03054442699892476,0.19544630056132137,1.2525166755135182e-17,0.10450086164355109,3.827427355462338e-18,0.0,0.06288643455455567,1.3755854206348569e-17,2.1666007005812993e-17
0.006792225283486894,17.896979824942353,0.0,0.0,1.9324000162025213e-17,1.0058072874053805e-17,0.0,2.7704408135723443e-17,0.26392153968035686,0.0,0.0,0.3386563124623364,0.0,0.03024115729929747,0.2004666505516456,2.4903086106567505e-17,0.10343300649344217,0.0,0.0,0.06328133351292167,0.0,0.0
0.0068329288804321745,18.33349152798973,6.998397693819416e-18,2.453783880923656e-17,0.0,5.306353962277824e-17,2.21340845733214e-17,0.0,0.26109198324516897,0.0,0.0,0.3374107597067403,0.0,0.02996971168765315,0.20548911104206571,3.043309706354617e-17,0.10240121913203355,0.0,0.0,0.0636372151863387,0.0,0.0
0.006874234830444323,18.7700032310371,2.7175001920028666e-17,0.0,0.0,2.2790844620608883e-17,1.2955563482172709e-17,0.0,0.25814861081829144,2.5635925012831333e-16,0.0,0.3361310351159963,0.0,0.029747168397371335,0.21052189511693237,0.0,0.10162512813641729,0.0,1.4256902293473115e-17,0.06382616241499116,1.821545483242217e-17,0.0
0.006917391243932443,19.206514934084478,3.652907435851676e-18,0.0,1.7462055510442557e-17,4.690161011717847e-18,0.0,0.0,0.25397050870837895,0.0,0.0,0.3355808308289252,0.0,0.028158291827788947,0.21566685210733086,0.0,0.10421057102877782,0.0,0.0,0.06241294549879873,5.178105071127739e-17,6.165514952336523e-17
0.006959003243969091,19.64302663713185,1.5121810621250563e-17,1.0919549900372785e-16,5.3885181523110056e-18,0.0,7.165766052591114e-18,0.0,0.2516958814391374,2.6070990633398094e-17,0.0,0.3343909957638943,3.355050334546522e-17,0.02807893249169203,0.2206446679105056,5.185532829165646e-17,0.10176299493260585,9.169437801955748e-17,0.0,0.06342652746216469,1.1194595924400029e-17,2.1318220508237203e-17
0.007001715034969041,20.079538340179226,7.768430388244181e-17,1.4682919552752335e-16,9.28425239273818e-18,0.0,0.0,1.1280206043191096e-16,0.2492268810182763,2.03335184775879e-16,8.119821093963706e-18,0.33393731234904794,5.705707674648427e-17,0.027386391816066655,0.22564963572507538,4.9124329279434975e-17,0.09975959890071424,7.90195748133897e-17,1.575881748438811e-17,0.06404018019081865,1.129512723712371e-16,4.2048113473936993e-17
0.007044926468200014,20.5160500432266,0.0,0.0,0.0,0.0,0.0,0.0,0.24671454549816438,0.0,3.056246063130652e-19,0.3333315392281969,0.0,0.026785005021280336,0.23065120221577295,0.0,0.09780226434080527,2.5477691422540637e-17,5.781321346077605e-18,0.06471544369578079,0.0,3.1084719146797164e-18
0.007088607995830496,20.952561746273975,0.0,1.2295570709475383e-16,0.0,0.0,2.5409409850774157e-17,0.0,0.24411903119177267,4.0259427326064895e-17,0.0,0.3324718273783954,0.0,0.026336253088712114,0.2356543443294432,2.456782318204389e-17,0.09604830552379245,5.6113951897425536e-18,2.259952595228454e-17,0.06537023848788426,0.0,0.0
0.007132734991942767,21.389073449321348,5.87764565245278e-17,8.789087717185925e-18,4.533559075450822e-17,1.635513506046587e-17,0.0,0.0,0.24146665538885353,5.488627116428291e-17,1.885114120296389e-17,0.33140520312792415,2.04026255042421e-17,0.026028707351074872,0.2406631483896889,3.8125236657678383e-17,0.09450732247149518,0.0,1.1283151181501539e-17,0.06592896327096306,0.0,5.86901559806415e-17
0.007177303041143507,21.825585152368724,0.0,0.0,9.519637780622034e-18,7.841194434368005e-18,0.0,0.0,0.23876450148586684,6.700761069616168e-17,0.0,0.33017268431185626,1.7577273594516666e-17,0.02584573704467601,0.24567543322806393,3.784560344224542e-18,0.0931139565533252,4.3309615367883363e-17,0.0,0.06642768737621196,1.137771000312872e-17,0.0
0.007222323370590327,22.262096855416097,6.700130920653655e-17,0.0,5.055858753967017e-17,2.523902845870937e-17,0.0,5.199569723495374e-17,0.23608142921806136,0.0,8.811274469218733e-17,0.3288830167030161,6.107076916724984e-18,0.025680940548658864,0.2506944485735525,3.4191034873864296e-17,0.09185069289964615,1.157536581899429e-16,0.0,0.06680947205706511,3.78933008330463e-17,1.5641317358553335e-17
0.00726779493331105,22.698608558463473,3.892745564258641e-17,6.713723783577995e-17,4.061141896482282e-17,1.4176459232078902e-17,2.3924922193755498e-17,6.473777191640092e-17,0.23342204283295206,0.0,9.80088611548681e-17,0.32756021830569704,3.9862057727709946e-17,0.025498477681120676,0.25571979623779123,3.358203071284109e-17,0.09071516844636247,1.7928041130150752e-16,5.675311268806177e-17,0.06708429649607588,1.0421833027395258e-16,2.3152784469660408e-17
0.007314184804205875,23.135120261510846,2.6058144191860493e-19,1.5493636812322476e-16,1.0445028532095579e-16,6.154959606854118e-17,3.232805492154164e-17,4.8653704309199735e-17,0.23029814427648546,1.624718399818509e-18,1.1037930651994455e-16,0.32703328979413704,0.0,0.025109924322805465,0.2606996931263661,1.199609041199091e-16,0.08868152682988427,0.0,3.449565277501775e-17,0.0681774216503212,2.330438519698778e-17,2.667123759172777e-17
0.007360681824083652,23.57163196455822,0.0,0.0,0.0,2.6852060606627682e-17,4.115595740910538e-17,0.0,0.22722158625440866,1.1695914839941413e-16,3.3196479925294454e-17,0.32468430286543515,0.0,0.025824287529806565,0.2657205799460616,0.0,0.08802568955064188,0.0,0.0,0.06852355385364677,0.0,3.668723450836194e-18
0.007406835696383288,24.008143667605594,0.0,5.2495605436554693e-17,0.0,0.0,7.926845982970145e-17,1.7835181574657982e-18,0.22565007880967025,0.0,0.0,0.321958013907814,0.0,0.025656414376829924,0.27080893832933417,0.0,0.0882594112638728,0.0,0.0,0.06766714331247929,0.0,0.0
0.007453924562174776,24.44465537065297,7.02727661990012e-17,0.0,1.115003916118704e-17,0.0,0.0,0.0,0.22339603943699815,5.778926054784639e-17,1.0287501898913148e-16,0.321067958604208,5.446640199210317e-17,0.0251106865133481,0.275840526919664,5.869652027101253e-17,0.08678167730534168,0.0,0.0,0.06780311122043976,4.541433552315609e-17,4.849344220178288e-17
0.007501397437163127,24.881167073700343,0.0,0.0,7.757743813389674e-17,0.0,0.0,0.0,0.2212061048117802,0.0,4.659919140810632e-17,0.3201601351043761,0.0,0.024488946057570966,0.2808752094320634,7.040737054910579e-18,0.08537946010359534,5.798033492818424e-17,5.8368811223850905e-18,0.06789014449061419,0.0,0.0
0.007549873613087851,25.31767877674772,5.0070726679575233e-17,0.0,4.157005756260206e-17,0.0,4.26439445104242e-17,5.455316893653096e-18,0.21810912140640867,0.0,0.0,0.32017972571888853,0.0,0.024600076791418055,0.28585037362801313,0.0,0.08231751937818917,4.652903612131464e-18,0.0,0.06894318307708258,0.0,0.0
0.007598005730864046,25.754190479795092,1.1063280633423468e-16,8.416287986041389e-17,1.2886246624659045e-17,9.3022441571751e-17,1.505672275479633e-16,1.1794737744838917e-16,0.2160251938132224,1.425734835040575e-16,1.3959620203836351e-16,0.31950006169562833,0.0,0.023742787064638227,0.2908906299930043,1.5866091785643966e-16,0.0809019894724839,8.690134814738326e-17,7.228809646742547e-17,0.06893933796102168,1.0744534740673675e-17,3.857517655689126e-17
0.007646574552339747,26.190702182842468,6.41157585496381e-17,0.0,3.344655666304307e-17,6.738098975890021e-17,0.0,0.0,0.21390881640984374,0.0,0.0,0.3188104445441903,0.0,0.022788885960022424,0.2959194696393203,0.0,0.07942042464436164,0.0,0.0,0.06915195880226183,0.0,0.0
0.007695608707507466,26.62721388588984,0.0,0.0,0.0,0.0,0.0,0.0,0.21174143280826846,0.0,0.0,0.31803783619638953,0.0,0.021796881246729797,0.3009374515751656,0.0,0.07791605610487114,1.715367037612979e-18,0.0,0.06957034206857664,0.0,0.0
0.007745117128362864,27.063725588937217,4.33230766576446e-17,0.0,0.0,0.0,0.0,0.0,0.20949616336198248,0.0,4.937739598129794e-17,0.31708435383347633,6.55050793380556e-17,0.020892392993896433,0.30595009370145715,0.0,0.07648588488365028,5.258025729015349e-17,0.0,0.07009111122553766,7.990272638149962e-17,2.7635108400741365e-17
0.007795056208440678,27.50023729198459,3.1024624953711524e-17,2.874437897606872e-17,0.0,6.365293186679038e-17,9.591101155742719e-17,7.083804153157551e-17,0.2071998514046617,0.0,7.083234147125786e-17,0.315928444182366,3.2656580504902555e-17,0.020070192843418936,0.3109644212400254,0.0,0.07524491519004811,0.0,0.0,0.07059217513947993,0.0,2.9386588854527354e-18
0.00784544203598003,27.936748995031966,0.0,0.0,2.9957032110721964e-17,3.526133098766879e-17,0.0,5.117894381253957e-17,0.2048607449473184,0.0,0.0,0.314585143375139,0.0,0.019235517996884652,0.3159766102435334,0.0,0.07419027980300774,0.0,3.6203355784376183e-17,0.07115170363411717,4.125873354786377e-18,0.0
0.00789548201806176,28.373260698079342,3.131625736997178e-17,0.0,0.0,0.0,1.8061143696859533e-17,0.0,0.20323065910044472,0.0,0.0,0.31243326083801637,1.535816918715174e-17,0.019201075708754164,0.32105253702213454,0.0,0.07362854191390658,1.6969395942778116e-16,1.525574067931281e-17,0.07045392541674393,2.923633891407223e-17,0.0
0.007946500037693219,28.809772401126715,1.8795530537455035e-18,4.096207698014e-17,0.0,2.696310095091312e-17,0.0,0.0,0.20083634703949368,0.0,0.0,0.3112239185953202,0.0,0.018515319987984957,0.32606426631577823,0.0,0.07236416624714843,5.593499005554603e-17,0.0,0.07099598181427477,0.0,7.204910570815838e-18
0.00799729318069533,29.24628410417409,5.033361999833619e-17,2.6757897309276053e-17,2.0603623642785134e-17,0.0,6.257642863346361e-17,0.0,0.1991490447006129,4.7701647111614246e-17,1.956531254426396e-17,0.31021532350509956,2.5839084072061564e-17,0.01876048533979872,0.3311063377072939,0.0,0.07000849826656014,4.277184111927185e-19,0.0,0.0707603104806347,0.0,0.0
0.008049246417515473,29.682795807221463,0.0,0.0,0.0,1.6767276510752373e-17,0.0,0.0,0.19622833541607243,0.0,0.0,0.3089348497657155,0.0,0.017751884309053376,0.33610333629654643,4.47988780650559e-18,0.06929842028914092,0.0,0.0,0.07168317392347173,0.0,1.6574226760630423e-17
0.008100927941531498,30.11930751026884,0.0,0.0,0.0,8.426199077369143e-18,5.17888703845657e-17,5.750698889753683e-17,0.19413932654589852,1.763849386210431e-16,1.0017602221200824e-16,0.3079173611198444,4.2784303163395374e-17,0.01766907593629865,0.34113519327592623,6.404130417274332e-17,0.0674093382531273,9.84738403955144e-17,2.3157275853153027e-17,0.0717297048689042,8.30529414437437e-17,2.344445844900319e-17
0.008153105953351678,30.555819213316212,0.0,0.0,0.0,0.0,0.0,1.6194811648645473e-18,0.19191776235234353,5.838486031726894e-18,1.6720192580894992e-18,0.30693899004005415,0.0,0.017186440612327974,0.34614744277612525,0.0,0.06561879902827752,0.0,0.0,0.07219056519087226,0.0,0.0
0.008205629075942316,30.99233091636359,6.08212999876046e-17,0.0,1.526186486027477e-17,1.5114789466800863e-17,0.0,0.0,0.18960730783242,0.0,1.0877225833571909e-17,0.30579831613609687,2.2872628608050785e-17,0.01673265160079742,0.351161075465167,1.7299206773208048e-17,0.06405324067623096,5.2353122922758776e-17,0.0,0.07264740828928784,9.033166556972804e-17,0.0
0.008258513230175804,31.42884261941096,1.5324601507375006e-17,0.0,3.3861133341989864e-17,4.133566884581243e-17,2.1161687291542196e-17,6.226423302093103e-17,0.18717236396629236,2.287952269767054e-17,8.067068962965193e-17,0.3044531519206902,9.059261189418091e-17,0.016273880781073804,0.3561662654815346,4.7922923730292986e-17,0.06265188592889648,1.3985102048992942e-16,4.634456924287721e-17,0.073282451921512,1.363135506973167e-17,7.376492359342708e-17
0.008311642860184017,31.865354322458337,2.9305041896774787e-17,0.0,0.0,4.5379284293859594e-17,6.694126032840959e-17,4.41443460869845e-17,0.18480576249889022,0.0,9.60739330997498e-17,0.30324273410509067,9.317842108788537e-17,0.01592156885770302,0.36117671175481414,2.2228033268117798e-17,0.06106195099567225,7.426771574284785e-17,0.0,0.07379127178782936,0.0,0.0
0.008364954067136216,32.30186602550571,0.0,0.0,2.0377479444600993e-17,4.8859213935043583e-17,4.4792894261696247e-17,3.4645244598707566e-17,0.18265342910764307,0.0,0.0,0.30232164297876263,0.0,0.015624161441834502,0.3662015968386937,0.0,0.05920672737325949,0.0,0.0,0.07399244225980714,0.0,0.0
0.008419155123171701,32.73837772855308,1.3403600881126198e-17,0.0,2.886476442897712e-17,3.2039114689980836e-17,2.1909877639190808e-17,0.0,0.17927433895716838,0.0,3.227922258309208e-17,0.30103806120680887,4.04255430566096e-17,0.015517199278128033,0.3711564968377492,0.0,0.05745092828893615,3.425814112053761e-18,7.687966471013025e-18,0.07556297543120914,0.0,0.0
0.008474269759218288,33.17488943160046,3.5370438297253754e-17,1.8728137544966607e-17,3.731941158797843e-17,0.0,7.793038538763437e-18,2.471757027894633e-17,0.1752209008158674,0.0,1.4177932110476952e-17,0.3007397986217073,9.617393996876113e-17,0.01700952115423914,0.3760852641447414,0.0,0.053589377383166506,1.301340681352017e-16,0.0,0.0773551378802782,5.2867937283689796e-17,3.992396470580251e-17
0.008528178341667534,33.611401134647835,3.029149598831876e-18,0.0,0.0,0.0,0.0,2.3121301520304068e-17,0.17315990763987865,7.381125582917677e-17,5.647522888233557e-17,0.30055428638658055,1.2717579955064436e-16,0.01672307716733437,0.3811334679047602,0.0,0.05134269051767228,5.775771849006447e-17,0.0,0.07708657038377385,4.6930882037792055e-17,1.5056233242352793e-17
0.008582390979053892,34.04791283769521,3.9578947334330445e-18,0.0,0.0,0.0,1.6279323955710884e-17,3.5845994795543314e-17,0.17116077497510696,0.0,1.1856334527961027e-17,0.3005867379054463,0.0,0.016391088707619718,0.386189886120572,0.0,0.04901236842294297,0.0,2.7831378132882125e-17,0.07665914386831245,0.0,0.0
0.008637001748698693,34.48442454074258,3.258060536454253e-17,0.0,0.0,0.0,0.0,0.0,0.16922538040809562,0.0,0.0,0.30086383663846544,9.109327388765656e-17,0.01606274074322578,0.3912584927367939,0.0,0.0465948720483078,1.9595404427495703e-16,2.4127908265895116e-17,0.07599467742511172,3.0721958373603846e-17,0.0
0.008691505357750092,34.92093624378996,1.7029230245115347e-17,7.23854270869431e-18,2.012311559914874e-17,0.0,0.0,8.590499760275575e-17,0.16789642723081885,0.0,2.5836294865807136e-17,0.29942754863064314,1.2129634837592515e-16,0.014285572674487703,0.3963208241398554,6.235527944368474e-17,0.0463637465699416,3.140366429301868e-17,3.320513607462542e-17,0.07570588075425294,3.281716743491113e-17,2.2392887357588296e-17
0.008746866474806245,35.35744794683733,2.3667895295870844e-17,1.6797314714782437e-17,3.537883070314245e-17,2.310271256112585e-17,3.38300741122281e-17,2.0159646029712698e-16,0.16607880142865164,9.33061995920234e-17,4.1042559585598996e-17,0.29924989942218616,8.5729178703827e-17,0.013482510650175378,0.4013864591691045,1.914361556818299e-16,0.04461886967027546,7.797874817082751e-17,6.024829755670924e-17,0.07518345965960589,4.7893362232123555e-17,5.120614814883272e-17
0.008802678578077682,35.793959649884705,7.006756009765594e-18,0.0,0.0,0.0,0.0,0.0,0.1643076604664155,0.0,0.0,0.2988249040426624,0.0,0.012538538862460523,0.4064541273541386,0.0,0.04321495742555684,8.573781965239091e-17,0.0,0.07465981184876685,0.0,0.0
0.00885881338204477,36.23047135293208,2.1379890744005248e-17,8.913508476814889e-17,6.376503918705505e-17,0.0,2.126319408608178e-17,1.9943722813043394e-16,0.16252371284764092,1.223590194063009e-16,1.1865955634111585e-16,0.2973813055753363,1.1011165911027864e-16,0.011368655360245927,0.4115063978684825,1.5503099491969105e-16,0.042706809750505864,0.0,2.5717270630955777e-17,0.07451311859778767,1.4474297973955478e-17,2.839969465185222e-17
0.0089137965193821,36.66698305597946,1.2202757021945453e-17,0.0,0.0,0.0,0.0,1.0336547372617556e-17,0.16050663808713483,0.0,5.862539394452793e-17,0.2932418899296484,5.4270721179956693e-17,0.011881156409534906,0.41638290507474307,0.0,0.040626927489949935,9.255140529284003e-17,0.0,0.07736048300898903,3.6702361024499566e-17,9.92544950576263e-18
0.008970504441260728,37.10349475902683,0.0,0.0,5.345315603165789e-17,4.7749578027628804e-17,0.0,0.0,0.15840410598600171,0.0,0.0,0.2967154778861589,0.0,0.010755880470446656,0.4214553483358033,0.0,0.036129750898243995,0.0,0.0,0.07653943642334562,0.0,0.0
0.009026569405080927,37.5400064620742,0.0,3.2406269164970184e-17,0.0,1.4283515518557016e-17,3.571101558717177e-18,1.1839174565527396e-16,0.1562136963167798,3.595147151654147e-17,8.268589359598026e-17,0.29433726380728636,5.581287376159152e-17,0.011233960200845605,0.4264293276881847,4.998537489568163e-17,0.034176501285479485,1.315230140076476e-16,2.8193465898867805e-17,0.07760925070142356,7.860872701286784e-18,3.8997694371303584e-17
0.009083350565006915,37.976518165121576,3.473604570239933e-17,3.519265063542228e-17,0.0,2.8173368009653006e-17,0.0,3.1677259791038436e-17,0.1541676298149056,7.88922186834266e-18,4.6142076935846874e-17,0.29384663795961197,5.862354758338285e-17,0.010600993648403521,0.4314486146335947,0.0,0.03202401510501198,5.3243093743029657e-17,2.635446414773169e-17,0.07791210883847187,5.2782303753113797e-17,2.2846311228274625e-17
0.00914026245362657,38.413029868168955,8.769068406265254e-18,4.516645004613632e-17,0.0,0.0,5.3744424362805964e-17,4.211279600936431e-17,0.1520211751926756,4.3369500143266706e-17,0.0,0.29222279965902176,1.0888749631122268e-17,0.010260475022606193,0.4364588255579649,1.3662984178041454e-17,0.030613173851198043,2.98287956054442e-17,1.3004655033658019e-17,0.07842355071653329,4.668863887580421e-17,1.5277826914808703e-17
0.00919740643614917,38.84954157121633,1.6414616419491837e-17,1.1283095500916007e-17,3.5816857696684194e-17,0.0,0.0,0.0,0.1498670009634781,3.1613241788481414e-17,0.0,0.29034896944239724,0.0,0.009947113469283418,0.4414699724339905,0.0,0.029432665438597957,0.0,0.0,0.07893427825225298,0.0,6.0791378617566964e-18
0.009254692844073074,39.2860532742637,0.0,0.0,0.0,0.0,0.0,0.0,0.14784136339242282,0.0,0.0,0.288420779412436,0.0,0.0098719829150818,0.44648401082804867,0.0,0.02803705321588721,0.0,0.0,0.07934481023612401,0.0,0.0
0.009312586733732066,39.72256497731107,4.5012868244501314e-17,2.6731923353206102e-17,0.0,0.0,0.0,0.0,0.14568706696062664,8.779968966567526e-19,0.0,0.28648838177106295,0.0,0.008779664739380884,0.45148965093988563,0.0,0.027480160948547976,0.0,0.0,0.08007507464049624,6.726813865958174e-18,0.0
0.009370121954787557,40.15907668035845,0.0,0.0,0.0,0.0,9.620429222287831e-18,0.0,0.14351068938651942,4.858001273100121e-18,0.0,0.2861147643142355,5.417320893185744e-17,0.009289459569580261,0.456523756041361,5.610872265864861e-17,0.02460574983260358,5.208821000518188e-17,3.7010391701321585e-17,0.0799555808557003,0.0,0.0
0.009428369093179612,40.595588383405826,0.0,1.2356214022122735e-17,0.0,2.0787035599929235e-17,2.8683238243671804e-17,0.0,0.14149716002013754,0.0,6.999565252990122e-17,0.2848795954445506,1.159609892264719e-16,0.008130396813256117,0.4615228691698555,1.2326505071505952e-16,0.023232551582630274,3.932350154111006e-17,0.0,0.08073742696956972,5.5376897683981466e-17,0.0
0.009486486874329528,41.0321000864532,1.470832389700806e-17,0.0,0.0,0.0,0.0,0.0,0.1395260526544919,1.0955537576430426e-17,1.2821727098441044e-17,0.2842004724094643,0.0,0.007878033215319285,0.4665442581668495,0.0,0.020902243754032424,2.3008365147994363e-17,4.383827038464281e-17,0.08094893979984281,0.0,0.0
0.009544905746165424,41.46861178950057,0.0,0.0,2.5877884410281496e-19,4.77861182720376e-18,0.0,5.836176655528248e-17,0.13747432372749357,6.661749340890271e-17,4.0831612321275804e-17,0.28324346361343505,5.019511611804704e-17,0.007466348988144408,0.4715624771125293,0.0,0.018982119050490104,1.4945281741343477e-16,0.0,0.08127126750790714,1.0640793304811482e-16,0.0
0.009603407194774607,41.90512349254795,1.862594473010078e-17,8.994524308215968e-18,0.0,5.4586667053741064e-17,0.0,5.967376228626569e-17,0.13538960577548945,0.0,5.607518458146698e-17,0.2825218822564548,3.423642614361372e-17,0.007388635589831778,0.4765915068956044,0.0,0.016765252533276827,7.721911448919892e-17,1.4121301575367426e-18,0.08134311694934236,1.5880271352592762e-17,9.588605755159532e-18
0.009662137433211445,42.34163519559532,3.681154635228117e-19,0.0,0.0,0.0,0.0,1.7211371223719875e-17,0.13333401615107815,0.0,0.0,0.2815137291335804,0.0,0.00727795826418051,0.4816263166813503,0.0,0.01491008053924222,0.0,2.7607047607909422e-17,0.08133789923056906,0.0,3.790849812166945e-20
0.009721110950670863,42.778146898642696,9.176644001151179e-18,0.0,0.0,1.5162928720335325e-17,3.24619907338878e-17,1.0688859438314802e-17,0.13130331412303106,0.0,4.830566886392051e-17,0.28044408106287166,6.226157796696201e-17,0.006959513975101498,0.48665261995445447,6.846429997616577e-17,0.013128231257811306,0.0,0.0,0.08151223962673,0.0,0.0
0.009780802360071582,43.214658601690076,5.553640717171386e-18,0.0,0.0,0.0,0.0,3.281363663917125e-17,0.12922612046403026,5.0661293733890494e-17,5.497004974366088e-18,0.27943556150380816,1.2072901363781394e-16,0.0049831038924032355,0.4916630631482195,7.903586495689804e-17,0.012474532484676766,1.179382696879025e-16,2.538481668981751e-18,0.08221761850686157,3.861933099686513e-17,0.0
0.009840115593511662,43.65117030473745,1.523981740358582e-17,0.0,6.667785149389458e-17,0.0,0.0,0.0,0.12717919850681847,9.216857797140478e-18,0.0,0.2792194998506118,0.0,0.004594488226280973,0.49668836909263125,0.0,0.009959492586180688,0.0,2.594360613547227e-17,0.0823589517374774,0.0,0.0
0.009899643197582965,44.08768200778482,1.0885020586961028e-17,8.13498844507992e-17,0.0,0.0,6.814538252198511e-17,1.5237522113249835e-16,0.12512583770492172,0.0,5.4610456247872244e-17,0.27883508482743524,1.2342140261743443e-16,0.004177583882166838,0.5017116286170801,0.0,0.007596656585342746,2.1327446410150338e-16,1.7755424291091607e-18,0.08255320838305283,3.9175723711094886e-17,0.0
0.009959305861111987,44.52419371083219,0.0,0.0,0.0,0.0,0.0,0.0,0.12300510833947395,3.0004391923359175e-19,0.0,0.2781857919519041,0.0,0.0039353597837719495,0.5067259284220985,0.0,0.005244412397695303,0.0,2.419011882823923e-17,0.08290339910505712,0.0,1.0800161960261387e-17
0.010019573578194557,44.96070541387957,7.381933926083817e-18,1.1558334542835693e-17,0.0,0.0,7.029284434139984e-18,0.0,0.12099101043730746,0.0,0.0,0.27841023662939635,1.3520771601905555e-17,0.0028131264289922757,0.5118145362569326,0.0,0.003938610623597669,1.1433983564441545e-16,1.1803853958542078e-18,0.08203247962377345,0.0,0.0
0.010079219124879529,45.397217116926946,0.0,0.0,3.6376752919019905e-17,3.366022113453922e-17,3.95344001278041e-17,6.576072492200143e-18,0.11868475197005565,4.6861166845593174e-17,5.4986708008039435e-17,0.2771330867571631,3.7232268238333244e-17,0.003344847303985834,0.516804909323805,3.694160897327893e-17,0.0012859918271937141,5.640431315878086e-17,0.0,0.08274641281779663,2.895917999678795e-17,0.0
0.010139486110767855,45.83372881997432,0.0,1.933847459437602e-17,3.227639021883666e-17,1.265287310148168e-17,3.923552422178331e-17,8.55119665264157e-17,0.11668969739836638,0.0,2.4937348287137384e-17,0.27592900490852407,1.0030299544294542e-16,0.0028865525222412252,0.521848741909115,3.628409452427203e-18,0.0,8.122122077990422e-17,9.795700236968329e-19,0.08264600326175309,2.5705103792285083e-17,0.0
0.010199748469748325,46.27024052302169,1.1918456048020456e-17,0.0,0.0,1.078331954108141e-17,0.0,0.0,0.11457239162373706,7.704607541361355e-17,0.0,0.2722390309384195,0.0,0.002910586667694319,0.5268485241225753,2.112736120107796e-17,0.0,5.21744060823802e-17,0.0,0.0834294666475742,0.0,0.0
0.010260659136453456,46.70675222606907,0.0,4.827840390322264e-17,0.0,0.0,2.5479465676326496e-17,9.934919377542632e-17,0.112940056712091,0.0,1.0871213603771145e-16,0.2707075014576157,4.8667415270048795e-17,0.002024820511693451,0.5319500453893213,8.12201462126249e-18,0.0,1.0691056688474388e-16,0.0,0.08237757592927825,2.335337693209402e-17,6.0673065373643e-19
0.01032124363348342,47.14326392911644,0.0,0.0,0.0,1.8063095604587948e-17,1.928281877188392e-17,1.8131571086396102e-17,0.11069828575748569,1.6879254997743532e-17,1.0130135452966826e-17,0.2661878238195001,1.2056340240338363e-16,0.002271658389796369,0.5369073950791462,0.0,0.0,0.0,4.515314891516463e-18,0.083934836954072,3.062531033479144e-17,0.0
0.010382342550144454,47.579775632163816,0.0,0.0,4.2444460332917375e-17,0.0,0.0,0.0,0.10875725945165945,0.0,0.0,0.2631739633469928,0.0,0.002017470196543052,0.5419406971099654,0.0,2.498001805406602e-16,0.0,1.7886199180923867e-18,0.08411060989483983,0.0,0.0
0.010443701078740854,48.01628733521119,3.328732303833545e-17,0.0,0.0,9.755053957478313e-18,1.8292960496232288e-17,2.6476000695574516e-17,0.10691556342726072,8.758035274546766e-17,4.937124233144068e-17,0.2604351797190394,1.2564727527069025e-16,0.00147013775660019,0.5469797151469398,5.972452629937717e-17,0.0,1.461883078544101e-16,2.7810926402798476e-18,0.08419940395015993,2.0499060915748837e-17,0.0
0.010505271770339154,48.45279903825857,0.0,0.0,2.418478960070981e-17,2.805933000637342e-17,0.0,0.0,0.1049946252815157,3.231893739937736e-17,0.0,0.257279402961772,0.0,0.0011101754945631497,0.552000453856445,0.0,0.0,3.0053360801656465e-17,2.4678897617754277e-17,0.08461534240570427,4.715822755906533e-18,0.0
0.010567065613589584,48.88931074130594,0.0,1.4081580645865474e-17,0.0,0.0,9.189802138971263e-18,0.0,0.10312101187515539,2.4529981273141923e-17,1.982632248679931e-17,0.2542128925841508,0.0,0.0007510301919312352,0.5570288584983996,2.772584505078751e-17,0.0,1.0183786567608955e-17,0.0,0.08488620685036331,0.0,2.104094086775466e-18
0.010629106232879984,49.325822444353314,0.0,0.0,5.1645806485996025e-17,0.0,5.333617366774012e-17,2.9681462834917385e-17,0.1015462786158281,0.0,1.966979982020099e-17,0.25175164766406705,8.506643626269277e-17,0.0,0.5620873310069913,1.2782107110528352e-16,2.7755575615628914e-17,8.224835286261641e-17,0.0,0.0846147427131134,1.8628170218563654e-17,0.0
0.01069131841268725,49.762334147400686,0.0,0.0,0.0,0.0,6.084677005397525e-17,7.382513206662776e-17,0.09974030324319401,5.821673370712304e-17,6.274878420462363e-17,0.24857555374776086,1.7944389165734046e-16,0.0,0.5671318179855844,7.034732769373963e-17,0.0,1.9763407442984297e-16,0.0,0.08455232502346038,5.572049584783688e-17,6.965617987064243e-19
0.01075376381838086,50.198845850448066,1.6462310089940155e-17,0.0,6.19481870927195e-18,0.0,0.0,1.4001061708027762e-17,0.09776619446196283,2.7508876288449063e-18,3.0433364275156014e-17,0.24503521197805112,0.0,0.0,0.5721465271848309,0.0,0.0,6.729413668610528e-17,9.076839185803335e-19,0.08505206637515514,2.6921087608561608e-17,4.889200084267447e-19
0.010816481461734126,50.63535755349544,0.0,4.219727566247812e-17,4.810649133525055e-18,0.0,0.0,0.0,0.09587000721103231,5.3070571102666576e-17,0.0,0.24171196311567678,1.3400816427759076e-18,5.466531915358708e-17,0.5771777970796085,0.0,0.0,3.0840711257948335e-17,1.1000702017923364e-17,0.08524023259368262,0.0,1.810264602191294e-18
0.010879451521586935,51.07186925654281,0.0,0.0,0.0,9.80885756073613e-19,2.917632930699381e-17,0.0,0.09396984342147417,0.0,0.0,0.23839622449533507,1.4087100535559992e-17,6.077211233827776e-17,0.582209284516358,6.33185196152794e-18,1.444157293750692e-16,0.0,6.661784064392318e-18,0.08542464756683273,2.1759697883183136e-17,0.0
0.010942637509469638,51.508380959590184,3.3012126283283766e-17,0.0,0.0,0.0,6.629739276066929e-19,2.819615653746295e-17,0.09178854156172347,1.0250873348827454e-17,0.0,0.23535075985404916,0.0,3.21914331367707e-17,0.5872412483563493,2.961636915561036e-17,3.859759734048396e-17,4.1509214340893606e-17,8.972899109958394e-19,0.08561945022787804,1.4371370523142618e-17,1.3205888105294107e-18
0.011006847121914288,51.944892662637564,2.4964194939044126e-17,3.850795317629426e-17,2.7349244319493134e-17,0.0,1.7885987319556463e-17,0.0,0.09008770938533996,0.0,0.0,0.2320243770949799,0.0,2.2886268943864596e-17,0.592344505059234,0.0,0.0010003211595406777,0.0,1.368582198124289e-17,0.08454308730090594,0.0,0.0
0.011069959786884154,52.381404365684936,0.0,1.0205303212559116e-17,3.265132848152648e-17,0.0,0.0,0.0,0.08777112735362227,1.786314610351814e-17,1.0694586586268793e-18,0.23015160690123845,8.957418272274154e-18,0.0,0.5973745421590821,3.4529139079393e-17,0.0,0.0,0.0,0.08470272358605736,0.0,0.0
0.011133880303223598,52.81791606873231,0.0,0.0,0.0,0.0,0.0,0.0,0.08558488044278686,1.180334364655165e-17,3.1492933633737596e-17,0.22725584669778864,8.829822748491974e-17,1.336331306499228e-17,0.6024148007902052,1.1233430282438178e-16,0.0,7.03679684110931e-17,0.0,0.08474447206921937,0.0,2.4200621489721628e-17
0.01119811841290918,53.25442777177968,1.4714091564533788e-17,0.0,0.0,8.242456660456468e-18,0.0,1.4492658186756942e-17,0.08342050171702249,0.0,0.0,0.22456492526049449,0.0,1.9376402572775692e-17,0.6074679342156621,1.1370195258811842e-17,1.3877787807814457e-17,4.01474232467268e-18,3.440220125991853e-18,0.08454663880682077,7.995334316246163e-18,3.637963714828453e-18
0.011261938096009233,53.69093947482706,0.0,0.0,1.7498219684834246e-17,0.0,0.0,3.919633796326265e-17,0.08076754197553762,7.046887556945208e-18,1.9458091474680425e-17,0.22067534277153414,7.469726887050851e-17,0.0,0.6124265204685663,2.1940156250820346e-17,0.0,5.66281255136844e-17,5.42653045583376e-18,0.08613059478436202,0.0,3.2901681670830784e-18
0.011326396251262949,54.127451177874434,0.0,0.0,7.547317023092459e-18,0.0,0.0,4.073563003423107e-17,0.07859425670738131,1.079322632847925e-17,3.683074022709589e-17,0.21654276841012085,8.817332118032236e-17,2.3857497538121994e-17,0.6173967646061894,1.0668826651255673e-16,0.0,9.346944613766255e-17,7.084819440376492e-18,0.08746621027630802,9.350147040588212e-18,1.3199911140361768e-18
0.011391638241271212,54.56396288092181,5.4015580303953156e-18,0.0,0.0,1.9212111422733597e-17,5.7259553681661475e-18,0.0,0.0777297723271557,0.0,0.0,0.2138586545174255,0.0,0.0,0.6225195234992955,0.0,0.0,0.0,0.0,0.08589204965612374,3.525201400451603e-18,1.116639274344295e-18
0.011456544060049086,55.00047458396918,0.0,5.961136280395773e-19,2.4589736196501226e-17,0.0,0.0,0.0,0.07593942820542977,0.0,0.0,0.20945118420765815,0.0,1.661027461637696e-18,0.627494449286471,0.0,2.0860049798621105e-16,0.0,1.2013048254899027e-17,0.08711493830044145,5.3778525280650785e-18,0.0
0.011521858588706786,55.43698628701656,1.481915676844204e-17,0.0,0.0,4.6857815511073285e-17,1.3934194265630835e-17,9.312320904100722e-17,0.07425078856837855,4.920338355500099e-18,1.679931083690799e-17,0.2058450893502492,0.0,2.5828848672967227e-17,0.632520604353718,5.574093414204353e-17,0.0,1.0262809765265308e-16,0.0,0.087383517727654,0.0,2.1066952624092174e-18
0.011587461606967992,55.87349799006393,2.0473890709559195e-17,1.410445088628871e-17,0.0,0.0,4.631571470040071e-18,9.456382782468862e-17,0.07255329574940668,1.1024997194653824e-17,0.0,0.20297374527526138,1.0893739353815535e-16,1.3015326178133773e-17,0.6375882913075723,8.855777448670406e-19,0.0,0.0,0.0,0.08688466766775964,0.0,7.183253588386276e-18
0.011652891424456583,56.310009693111304,4.0337153007921924e-18,9.709977650011837e-18,1.2987647156715162e-17,0.0,0.0,0.0,0.07015439149129246,0.0,0.0,0.19871046301964457,0.0,0.0,0.6425390460560374,0.0,1.3466950416940492e-16,0.0,9.37732185577636e-18,0.08859609943302595,0.0,1.142724366038649e-19
0.011718768166785892,56.746521396158684,1.332243967478528e-17,7.975907789977421e-18,2.2576866515602677e-17,0.0,1.9658969203311033e-17,0.0,0.06827810429118421,1.9441560631846324e-17,5.3723993722082144e-18,0.19529400835695626,0.0,0.0,0.6475660476677648,0.0,3.902178657348092e-16,0.0,4.906302705039643e-18,0.08886183968409479,9.929799044790115e-18,9.076227746208953e-18
0.011785127066086995,57.18303309920606,0.0,2.8407750395287815e-17,0.0,5.581799221039606e-18,0.0,0.0,0.06711518885845602,0.0,1.351622398226098e-17,0.19167158560499603,0.0,3.644091051460034e-17,0.6526192709520131,2.5498904906434528e-17,1.224277830504673e-16,0.0,0.0,0.0885939545845348,0.0,0.0
0.01185142354342894,57.61954480225343,1.2915620107185633e-17,3.960528518387133e-18,5.14931772832212e-18,0.0,0.0,0.0,0.06516882570103692,0.0,0.0,0.18791744579672745,0.0,0.0,0.6576232356369537,2.1237715152136028e-17,2.3614268286099324e-16,0.0,3.497425505005232e-18,0.08929049286528215,1.564664384120859e-17,3.2366075690183947e-18
0.01191791033700307,58.0560565053008,1.2692819043955193e-17,0.0,1.658641478514385e-17,0.0,9.849387407440961e-18,0.0,0.06328323987915978,0.0,1.4842316027925412e-17,0.1844662027744408,2.7360923089719003e-17,5.3573131055568273e-17,0.6626477531239112,5.750716880869315e-17,3.1683249225759e-17,0.0,9.342813506812203e-18,0.08960280422248809,0.0,1.4907372277184065e-19
0.011984677704050942,58.49256820834818,0.0,0.0,0.0,0.0,1.6637367516366457e-17,7.664728254906708e-17,0.061570037656025804,4.006349875968562e-19,0.0,0.18087375344063478,2.471330257497396e-17,2.0381013435992444e-17,0.6676733799548196,7.428110741761592e-19,1.3508313597354152e-16,2.8124061837570107e-17,0.0,0.08988282894851958,2.1270055576465552e-18,3.1072694724668338e-18
0.012051663735550099,58.929079911395554,0.0,2.32984848218568e-17,3.7758409542786264e-17,1.2833731649564976e-17,0.0,0.0,0.0598960029491887,0.0,0.0,0.17724376266440328,0.0,0.0,0.6726989468587224,0.0,1.8069276306711948e-16,0.0,3.2463265867357415e-19,0.09016128752768558,1.418288574028387e-17,0.0
0.012118869803510537,59.36559161444293,9.064497487945106e-18,0.0,2.5212733278233283e-17,1.4193759573840964e-17,0.0,5.2709727619900415e-18,0.058262249089126035,4.899669935186459e-18,0.0,0.17357117931732646,0.0,0.0,0.677724224385858,6.186175081933512e-17,0.0,0.0,5.2122129168156395e-18,0.09044234720768933,1.5927848272203297e-17,0.0
0.012186280474323036,59.8021033174903,2.4847853099374782e-17,3.6764262118667087e-17,0.0,2.1055653494207892e-17,0.0,0.0,0.05664253956978221,1.5640685580769043e-18,0.0,0.16987823271386288,0.0,0.0,0.6827490857733449,0.0,1.295733995426785e-16,0.0,4.425689006458261e-18,0.0907301419430102,0.0,0.0
0.01225389701533158,60.23861502053768,6.371269804560529e-18,0.0,3.523680411548953e-17,2.0237480770573573e-17,0.0,5.4796891592347085e-18,0.05504084355636078,1.2393777399289189e-17,0.0,0.1661596929205965,3.162769370134454e-17,0.0,0.6877734436062606,5.110088890364686e-17,0.0,2.2412668520550355e-17,0.0,0.09102601991678198,0.0,0.0
0.012321710495156579,60.67512672358505,0.0,0.0,1.047167037788414e-17,1.8870490868370067e-17,1.9408954539981157e-18,0.0,0.053451080608179845,0.0,2.7474935345104094e-17,0.16243375705517948,0.0,2.193469056155289e-17,0.6927980141952154,5.201365811953567e-19,1.1463327935635207e-17,2.2722220358058083e-17,6.867483790199976e-18,0.09131714814142541,0.0,0.0
0.01238973126641654,61.111638426632425,0.0,1.3134413644973747e-17,8.215382133730113e-18,0.0,5.479928265688883e-18,0.0,0.05190215083187501,1.0670465485859304e-17,1.5714926269473787e-17,0.15869670542257358,0.0,3.714606923362749e-17,0.6978241242301563,2.0653759534944194e-18,1.5808343793885914e-16,0.0,5.90067402640768e-18,0.09157701951539525,9.234219452532397e-18,0.0
0.01245798494271597,61.5481501296798,0.0,6.679506511054036e-20,1.6746383079930514e-20,0.0,3.1100234117435895e-17,0.0,0.050441798223708166,0.0,3.2966989731529824e-17,0.15492748710495072,0.0,1.0780756257674768e-17,0.702853113282435,0.0,3.275605888894532e-16,0.0,0.0,0.09177760138890607,0.0,2.1872380645522253e-18
0.012527212383676455,61.98466183272718,0.0,0.0,0.0,5.492650627846698e-18,1.8002539325090495e-17,0.0,0.050381065594730365,0.0,0.0,0.15125166582990607,0.0,0.0,0.7079619896295767,0.0,1.5669709041158102e-16,0.0,0.0,0.09040527894578702,0.0,1.2194121437853985e-17
0.012595891615910773,62.42117353577455,1.8295142416860663e-17,2.0010635671281003e-17,0.0,1.3475660280375255e-17,0.0,7.77646573196834e-17,0.04896357847426189,0.0,0.0,0.1474895521309933,5.310637238560751e-17,0.0,0.7129936679398342,3.7994634765989724e-17,0.0,4.766458096218056e-17,0.0,0.09055320145491048,0.0,0.0
0.01266384633692413,62.85768523882192,0.0,0.0,2.034580820743662e-18,0.0,1.4866076818670382e-17,7.295671566040111e-17,0.04603410155692563,8.139476043858241e-18,1.9783565269282684e-17,0.14358813128114817,9.670908767023684e-17,3.4225953754777833e-17,0.7179368493347683,1.2879883024419574e-16,0.0,5.349515755855992e-17,0.0,0.09244091782715776,7.111393741383243e-18,0.0
0.012733256114386199,63.294196941869295,0.0,1.4540760412154965e-17,0.0,2.0886645784948136e-17,1.156044517544824e-18,0.0,0.04521977076089165,0.0,0.0,0.13952579192075987,6.792246144404884e-17,5.006887945789795e-18,0.7229834906886551,0.0,4.5145058695811363e-17,0.0,0.0,0.09227094662969339,6.833917579537347e-18,0.0
0.012802274240896873,63.730708644916675,0.0,0.0,5.1507295230029515e-18,3.3284008157940016e-18,5.7923405822230606e-18,1.1489900683636027e-17,0.04351593872740525,5.796797611318887e-18,1.2516196310166879e-17,0.13579891936055033,0.0,5.24586889547853e-18,0.7280019320595851,1.6001505247052603e-17,0.0,1.4596128344984565e-17,0.0,0.09268320985245919,7.167003210249127e-18,0.0
0.01287129290888298,64.16722034796405,1.3591970363625378e-17,4.059598826355819e-18,0.0,0.0,6.236025779170971e-18,4.882648926233469e-17,0.04158624114672776,0.0,1.4518214806127526e-17,0.13220783540863487,0.0,0.0,0.733016105744703,3.914487547519305e-17,0.0,0.0,8.003523129590028e-18,0.09318981769993445,6.34870835512152e-18,0.0
0.012911256107228677,64.60373205101142,3.687026152840246e-18,1.6382735713427358e-17,2.0609301288865396e-17,1.3086351085438878e-17,3.8662407987313493e-17,2.683287417295735e-17,0.0,6.276061862083269e-19,0.0,0.1673339142875743,1.1394479756486242e-16,0.0,0.7381313926657898,9.358605109960651e-17,0.0,0.0,2.0118415953944834e-18,0.09453469304663609,0.0,1.173058630546078e-18
0.01298079952896201,65.04024375405879,0.0,1.8613809914250527e-17,3.0633395799042194e-17,0.0,2.330813736094133e-17,0.0,8.927470568953837e-17,0.0,0.0,0.16226617059742648,0.0,0.0,0.7431639318981231,0.0,6.37443803441812e-17,0.0,0.0,0.09456989750445062,3.754652034703226e-18,1.0207175069878301e-17
0.013051102205263643,65.47675545710617,0.0,5.763454931632437e-17,2.508612130237805e-17,0.0,3.0873197360710855e-17,1.059859499249943e-16,0.0,2.2773477302836402e-17,2.63451161070858e-17,0.15488397391160627,8.984941259997652e-17,0.0,0.7480641607757681,5.4580690836680695e-17,0.0,8.864600557619462e-17,0.0,0.09705186531262552,0.0,0.0
0.013120783821776024,65.91326716015354,5.988554501801663e-18,0.0,0.0,0.0,1.3258731488909728e-17,0.0,7.583109010873064e-17,0.0,0.0,0.15101419586313822,0.0,0.0,0.7531651839590683,0.0,7.773315299388192e-17,0.0,0.0,0.09582062017779364,3.588749208179406e-18,2.0263607183055483e-17
0.013191042820480822,66.34977886320092,7.80619635861804e-19,0.0,0.0,0.0,0.0,2.0108799992637428e-17,0.0,4.948338207804977e-18,2.3695341907392175e-18,0.14629602497216673,1.6606762857217995e-17,0.0,0.7582177072298415,1.1876426783040775e-17,0.0,0.0,2.2605243008488305e-19,0.09548626779799196,0.0,0.0
0.013261562243933342,66.7862905662483,4.292394997237441e-18,0.0,1.3848946803326013e-19,0.0,2.279595646350327e-18,0.0,9.753750348882853e-18,1.566978299004489e-18,2.5478979836739395e-17,0.14197919469130477,0.0,4.837055136618205e-18,0.7632931738194458,5.557784298664948e-18,3.8450935786115933e-17,0.0,9.82115448660092e-18,0.09472763148924958,7.801642091144642e-18,1.1310612130951728e-17
0.013332379728799755,67.22280226929567,0.0,0.0,3.2458937892362215e-17,0.0,1.3572783498833253e-17,1.9885886898725277e-17,1.92981923367101e-16,0.0,2.2227449337185826e-18,0.13689936014254078,0.0,0.0,0.7683250217781081,0.0,3.081091351894582e-17,0.0,2.995620095486125e-18,0.09477561807935089,0.0,9.863954205291173e-18
0.013403440028440662,67.65931397234304,0.0,7.414507498494635e-18,3.08761164738406e-17,0.0,2.0061202538375225e-17,1.2090666521652586e-16,0.0,5.36656776967263e-17,2.3532842828865203e-18,0.13183164500368005,1.2017536019516144e-16,0.0,0.773357562576373,1.9573646779446542e-17,0.0,7.798727371225301e-17,8.116748734446843e-19,0.09481079241994657,0.0,0.0
0.013507148535526375,68.09582567539042,2.5222326285435428e-18,1.6740229241564638e-17,5.442290870870595e-19,0.0,0.0,0.0,0.03318052918418819,0.0,0.0,0.09710382874005617,0.0,1.2138237947223817e-18,0.7784618221548686,2.4853287592091134e-17,2.992397996059992e-17,0.0,0.0,0.09125381992088709,4.583902851041883e-18,0.0
0.013577310418476155,68.53233737843779,4.0747617767766515e-19,2.889834107732044e-18,0.0,0.0,0.0,5.089817670806838e-18,0.030974799998099975,0.0,0.0,0.09231710471770184,0.0,9.002354717018175e-18,0.7833929426583909,4.0574662075342386e-18,0.0,0.0,2.1887787468754616e-18,0.09331515262580735,0.0,7.825372309486981e-18
0.01361803963809782,68.96884908148516,1.8168445000855502e-17,0.0,4.057618620728057e-17,0.0,0.0,0.0,9.03502809260115e-17,0.0,0.0,0.11659904237034208,0.0,2.0345443175338467e-17,0.788453500972249,2.8388464078932376e-17,1.0852843126238949e-17,0.0,4.510943757105536e-18,0.09494745665740895,6.3975095610825715e-18,8.38384662451959e-18
0.013690033390243682,69.40536078453253,1.0424201749322277e-17,0.0,1.4676187512414447e-17,1.3059553039743491e-17,0.0,0.0,8.339068414085553e-17,0.0,2.455289069129037e-18,0.11153054473930214,0.0,3.993190833216172e-19,0.7934859970417213,4.39478845296772e-17,0.0,0.0,1.6407862870026192e-18,0.09498345821897675,0.0,1.7930032537143377e-19
0.013762783220679314,69.84187248757992,9.416935935754706e-18,0.0,1.5055766925317988e-17,0.0,0.0,0.0,0.0,0.0,6.811531368340695e-18,0.10890865883466659,0.0,0.0,0.7986583583332928,0.0,0.0,0.0,0.0,0.09243298283204078,9.043481164046878e-19,3.732824951539862e-18
0.013834857424129841,70.27838419062729,1.195917867243887e-17,0.0,0.0,2.5015949865136e-17,0.0,0.0,0.0,0.0,0.0,0.10276582907189193,0.0,7.310997593906641e-18,0.8036294383009088,1.1688933981819951e-17,1.2180015010772765e-17,1.4306392042258533e-18,0.0,0.09360473262719919,1.5032215671603944e-18,7.257823661108006e-18
0.01390753035799369,70.71489589367467,1.260636518681517e-17,3.7566713930377045e-18,1.3053372752179941e-17,7.40843246993899e-18,0.0,1.669616088501323e-17,2.0816681711721685e-17,0.0,3.929565844875254e-18,0.09776510440716148,0.0,1.9210229723663846e-18,0.8086658085742515,0.0,2.849401248396165e-18,0.0,2.560749219039921e-18,0.09356908701858706,2.3733474759903006e-19,1.4138212754510195e-18
0.013980417925083158,71.15140759672204,0.0,0.0,1.9583071377649966e-17,4.729846884830147e-18,0.0,1.0116057062513262e-16,0.0,0.0,0.0,0.09276438144118526,2.939049903726452e-17,0.0,0.8137021792312148,7.802335776826009e-19,0.0,5.458660265954144e-17,1.2758055720965065e-17,0.09353343932759987,2.2092692696263053e-18,0.0
0.014053470051358272,71.58791929976941,1.057120679214882e-17,1.5064584300677777e-17,1.5662671641065642e-17,0.0,0.0,1.297153007296633e-18,9.540979117872439e-18,0.0,2.4635753670650053e-18,0.08758475868768432,0.0,3.9795305261571786e-18,0.8187283225904168,2.8537982228438766e-17,0.0,0.0,5.7175854561249505e-18,0.0936869187218988,0.0,0.0
0.014126745226060368,72.02443100281678,3.880984937665108e-18,2.1543887172331644e-17,0.0,1.6399303133033512e-18,0.0,0.0,0.0,0.0,3.878964326832328e-19,0.08246336843728165,0.0,0.0,0.8237577949226313,7.972322398727175e-18,1.7377933774478003e-17,1.2981676638745194e-17,0.0,0.09377883664008711,1.3677510199310031e-18,0.0
0.014200180886583707,72.46094270586416,0.0,2.4253011059430323e-17,1.125579356037999e-17,0.0,0.0,4.5476275805346656e-17,6.584726117920814e-17,0.0,0.0,0.07712943539321905,0.0,0.0,0.8287751168672385,7.876158941392181e-18,9.47919532282225e-19,0.0,1.495410256939016e-18,0.09409544773954254,2.4274291083612585e-18,0.0
0.01427443991419639,72.89745440891154,8.433434808036324e-18,9.797791357526461e-18,0.0,1.3561277870328108e-17,0.0,6.997468784259353e-17,4.336808689942018e-18,0.0,0.0,0.07375396648606199,0.0,4.648817630932851e-19,0.8339043981648544,3.0718705891125636e-17,0.0,1.1240401390978296e-17,6.856037735257163e-20,0.09234163534908343,2.9751803188866378e-18,1.0231775613021971e-17
0.014347774496921196,73.33396611195892,2.3593794355070218e-18,0.0,4.276922308555337e-18,0.0,1.1401758274192852e-17,0.0,7.22647516019189e-18,0.0,0.0,0.06704183916323748,3.7212135010933405e-17,6.7707897767337036e-18,0.8388429329892076,0.0,0.0,0.0,1.5420243827445065e-18,0.09411522784755486,2.8763984379663923e-18,0.0
0.014421785978484463,73.77047781500629,0.0,1.2922150350398212e-17,9.07232163852838e-18,0.0,0.0,0.0,2.0573214307193407e-17,0.0,0.0,0.06149899040252039,0.0,1.0253401851477628e-17,0.8438483118177942,1.3387534109731223e-17,0.0,0.0,0.0,0.09465269777968564,2.1923543949707254e-18,7.875203024514268e-18
0.014496076745805756,74.20698951805366,0.0,0.0,2.381886501993404e-17,0.0,0.0,9.924402519239454e-18,0.0,0.0,0.0,0.056535025856490846,6.530013195466718e-17,0.0,0.848886783609093,0.0,0.0,7.248292811585599e-18,0.0,0.09457819053441621,0.0,0.0
0.014571061021047726,74.64350122110103,0.0,0.0,2.0171501921119585e-17,0.0,0.0,0.0,2.168404344971009e-18,1.7741319171931946e-17,3.018368807915962e-18,0.048060871352654626,4.7795352872001584e-17,8.412535135427496e-18,0.8537245887767411,5.66780127893584e-19,0.0,8.232987380943228e-18,4.469848524584135e-19,0.09821453987060436,0.0,0.0
0.014645285755095355,75.0800129241484,0.0,0.0,0.0,0.0,1.2322188545202604e-17,4.4785442674894996e-17,0.0,5.218721760873127e-19,0.0,0.04428611898435344,4.6949272128053586e-17,4.579785124717592e-18,0.8588310443544637,0.0,0.0,9.91699503105452e-19,1.3788578979562406e-18,0.09688283666118293,4.9855939653622244e-18,1.9228694374901776e-19
0.01472278037579528,75.51652462719578,0.0,1.896257783994102e-17,6.892820880002631e-18,0.0,8.646661312986305e-19,3.239587013369144e-17,0.0,5.661068500204226e-18,6.267352469997124e-18,0.03471753372147635,0.0,0.0,0.8636062841092819,0.0,0.0,0.0,0.0,0.10167618216924197,0.0,0.0
0.014796985399488937,75.95303633024315,8.747558741975987e-18,0.0,0.0,1.3250741539408883e-17,1.2565981627372597e-17,0.0,0.0,0.0,0.0,0.03054467724848568,0.0,0.0,0.8686899812431953,9.868523696962331e-18,0.0,2.906246465345934e-18,0.0,0.10076534150831888,7.187157943136855e-18,0.0
0.01487190731243164,76.38954803329054,6.4233302584846765e-18,9.48789267427634e-19,0.0,5.238924635426408e-18,3.4074322244502352e-18,0.0,0.00037752257780170875,0.0,1.947722099963413e-18,0.026246468315838715,7.419314787403495e-18,3.550194782037061e-18,0.8737866204087305,6.938893903907228e-18,4.928943877983001e-18,0.0,2.2421861293812213e-19,0.09958938869762936,8.240670993511654e-18,0.0
0.014945751244087847,76.82605973633791,5.21379122818695e-18,0.0,0.0,1.2807330634941501e-17,0.0,0.0,8.673617379884035e-19,4.563110399926632e-18,0.0,0.023763794093724283,1.7240322249503846e-18,0.0,0.8789468321228728,5.898059818321144e-17,0.0,5.757276223490278e-18,2.245912749878067e-18,0.09728937378340302,0.0,1.29078477494041e-18
0.015021158337373275,77.26257143938528,0.0,2.2492098837203896e-17,1.008621199913408e-17,2.3571857261878843e-18,0.0,1.1726706066793006e-17,3.5561831257524545e-17,0.0,0.0,0.02110336395258027,0.0,2.1198116357076194e-17,0.8841169900101141,1.3877787807814457e-17,0.0,0.0,7.37960753530394e-19,0.09477964603730551,0.0,4.983669885563704e-18
0.015097824463304762,77.69908314243266,0.0,0.0,1.1524033106822448e-17,0.0,2.266019274522331e-18,0.0,0.0,0.0,2.7205733425001746e-18,0.01870554005340353,0.0,0.0,0.8893021601077551,0.0,0.0,0.0,0.0,0.0919922998388415,2.907904920476981e-18,2.3806511436022894e-18
0.01517589747009448,78.13559484548003,9.514129964132134e-18,3.961391105173495e-18,1.5136797799732916e-17,0.0,8.15241669799145e-19,0.0,2.168404344971009e-18,2.0857620735898912e-19,0.0,0.016402740530314652,0.0,0.0,0.8944927629437988,2.7755575615628914e-17,0.0,0.0,0.0,0.08910449652588684,0.0,0.0
0.015248728502236058,78.5721065485274,6.307565693448997e-18,0.0,0.0,3.089059817826613e-18,3.334124835818218e-18,0.0,3.07551533317423e-18,1.1097460581625199e-18,0.0,0.005017467259481382,0.0,0.0,0.8991641481255419,8.343641067210767e-18,0.0,9.101408677466489e-18,8.254306716858581e-18,0.09581838461497696,0.0,9.559233395154085e-18
0.01532493373111518,79.00861825157477,7.488514704335685e-18,2.6705432007591677e-18,0.0,1.637832307183584e-17,2.1896383001925263e-18,6.109285067371637e-17,0.0,0.0,0.0,5.637851296924623e-18,2.721836821197081e-18,2.7014780520039085e-18,0.904199561440141,0.0,0.0,0.0,5.307891435710065e-18,0.0958004385598589,0.0,1.6875888894562928e-19
0.015403384900505744,79.44512995462215,0.0,7.805729774401283e-18,8.156531647573899e-19,0.0,0.0,2.2514930690746726e-17,0.0,0.0,4.808529895543131e-19,5.204170427930421e-18,3.5034726573053485e-17,7.141352666169691e-19,0.9095218079715982,9.78202289034739e-18,3.4431103370040045e-18,4.4832372548555106e-18,1.429565457342797e-17,0.09047819202840186,1.3775057214974502e-18,0.0
0.015486076743611016,79.88164165766953,0.0,0.0,0.0,7.300186798311516e-18,0.0,1.3094981831624833e-16,0.0,6.954568206197001e-18,0.0,2.3762812112079063e-05,0.0,0.0,0.914845412994525,0.0,1.0349813133978522e-18,7.386279246535567e-18,0.0,0.08513082419336292,0.0,0.0
0.015572827348391811,80.3181533607169,0.0,1.2711671317887196e-17,2.0329419777588478e-17,8.92589631814181e-18,3.7031941069270145e-18,0.0,9.60483294040432e-18,0.0,0.0,0.0,0.0,7.431492909213811e-19,0.9201663012338858,1.98915946487556e-17,0.0,0.0,0.0,0.0798336987661143,0.0,0.0
0.01566368297222677,80.75466506376428,1.3225718186074809e-17,0.0,0.0,0.0,1.1527250013657441e-17,0.0,1.5284507784547577e-17,6.692445432104326e-18,5.132443027205925e-18,2.6020852139652106e-18,1.683295911246797e-18,0.0,0.9254885478207396,4.1117082604815306e-18,0.0,3.4442700319186082e-18,8.597693994591701e-19,0.07451145217926049,2.1345733195973787e-18,7.54735165194295e-18
0.015758534944986757,81.19117676681165,0.0,0.0,0.0,5.6169071693833556e-18,6.3639731690431524e-18,3.134560464219077e-17,1.0392930592112626e-17,3.02517607269027e-18,0.0,8.673617379884035e-18,7.533453148149644e-18,1.4993702053790798e-17,0.9308107944681555,1.0590511378077278e-18,0.0,0.0,0.0,0.06918920553184443,6.6665666464298995e-18,0.0
0.015857311549609426,81.62768846985902,1.2803987878675714e-17,8.174073960008202e-18,0.0,0.0,0.0,4.6061065981112837e-17,0.0,1.6220740828202635e-18,2.7011402775419763e-18,0.0,0.0,9.333799669985623e-19,0.9361330409759626,4.431012685781458e-18,0.0,7.603846035750183e-18,1.4089730915408114e-17,0.06386695902403737,1.977755334950617e-18,0.0
0.015959939921309993,82.0642001729064,1.4326404287073678e-17,1.3897162493038883e-17,0.0,0.0,0.0,7.513725309463462e-17,0.0,0.0,7.53738090476119e-18,0.0,2.36176745065928e-17,1.363389134967327e-18,0.9414552875700045,9.951987714969709e-18,1.5572993557375446e-18,2.6531170919650865e-18,1.4919259880116918e-17,0.05854471242999543,5.871928700767325e-18,7.803835814862628e-19
0.016067093280992102,82.50071187595377,4.491104459460157e-18,2.033674597146585e-18,5.986193979776146e-19,0.0,0.0,2.250671045662032e-18,0.0,4.5227469481618576e-18,0.0,0.00012054268877335775,6.868022846209437e-18,0.0,0.9467844251681118,4.582139931397494e-18,0.0,1.1126068527034186e-18,4.620593621088472e-18,0.05309503214311488,3.550717344292973e-18,0.0
0.016176455970376962,82.93722357900114,0.0,1.3941598068149313e-18,0.0,4.895947921288106e-18,0.0,2.4535772863080122e-17,0.0,0.0,7.32017349527548e-18,2.168404344971009e-19,2.496211212973265e-18,2.7463620063385127e-18,0.9520997807181742,7.260664785676686e-18,0.0,7.561082694743911e-19,0.0,0.04790021928182583,3.0540742455907884e-18,0.0
0.016290193999985388,83.37373528204853,0.0,5.362321820519887e-18,1.4160933979964097e-17,0.0,0.0,0.0,0.0,3.157217932566946e-18,5.7994166677239146e-18,5.312590645178972e-18,9.402374752341216e-18,2.7407506200766772e-18,0.9574220273267132,2.2307518192387224e-19,1.3768490425536593e-17,0.0,0.0,0.04257797267328682,0.0,1.2922779096899065e-18
0.01640748487319214,83.8102469850959,1.1665391547726192e-18,1.5323174147383085e-18,2.1308361058598214e-18,0.0,7.92277237015376e-18,0.0,0.0,2.3766360907893447e-18,1.4239717290143299e-18,0.0,6.3973931557868646e-18,0.0,0.9627442736879429,0.0,1.5669993998405793e-18,1.5435363697100483e-18,0.0,0.03725572631205688,4.7876431474986125e-18,3.0638211379533924e-20
0.01652825296584674,84.24675868814327,0.0,1.2675186460426296e-18,3.316352446962533e-18,0.0,4.711095941752076e-18,6.938893903907228e-18,9.031518950807788e-19,0.0,6.761413059667736e-18,0.0,0.0,4.0582571643591685e-18,0.9680665203812097,0.0,0.0,0.0,4.0686602519933594e-19,0.03193347961879023,0.0,2.933210002297926e-18
0.016652422621245427,84.68327039119065,0.0,0.0,0.0,0.0,0.0,2.7755575615628914e-17,0.0,3.485764043251296e-18,8.071192370377601e-18,0.0,1.0478812005348397e-17,1.6757633397491603e-18,0.9733887672233609,0.0,5.934058865147193e-18,0.0,1.4034007711165644e-18,0.02661123277663926,1.2073184714203798e-18,3.526953527640596e-18
0.016779918314410575,85.11978209423802,0.0,0.0,9.624966369519688e-19,8.158667468181738e-18,0.0,0.0,0.0,1.5030623693490717e-18,0.0,0.0,9.758079348536599e-18,0.0,0.9787110137252095,2.1407844891180783e-18,0.0,0.0,7.82792152381678e-18,0.02128898627479058,7.495238629597521e-18,1.7093078593547e-18
0.01691066482577204,85.55629379728539,7.179210879780305e-18,9.03915892896202e-18,0.0,0.0,0.0,1.3010426069826053e-17,0.0,1.1808425753500403e-17,0.0,0.0,4.691424795996565e-19,0.0,0.9840332602776246,0.0,2.2013688217073753e-18,0.0,6.812391547827356e-18,0.01596673972237541,2.8727689202572177e-18,0.0
0.01704458734325,85.99280550033276,0.0,0.0,0.0,0.0,2.3900356031334045e-18,1.734723475976807e-18,1.8157277615271146e-18,2.8121955199430133e-18,1.4234903214324326e-18,6.578566203527594e-18,5.081824231218821e-18,7.300060453316471e-19,0.9893555067735696,0.0,0.0,1.3780643603879363e-18,0.0,0.010644493226430313,1.0307062240049908e-18,2.2920392413144345e-18
0.017181611605009604,86.42931720338015,5.7648692206489656e-18,0.0,0.0,0.0,0.0,0.0,0.0,2.222954594479556e-18,2.9661684003203584e-18,0.0,0.0,3.783522960226263e-18,0.9946777533867848,3.858721555510198e-18,0.0,1.4563498915992526e-18,0.0,0.005322246613215117,1.4876071180838752e-17,0.0
0.01732166399842173,86.86582890642752,9.540979117872439e-18,0.0,0.0,0.0,0.0,1.734723475976807e-18,5.285485590866834e-19,0.0,3.3068166260807885e-18,6.193504910323444e-18,1.0516761073109393e-17,0.0,0.9999999999913987,0.0,0.0,6.728829732988162e-18,7.535205098774256e-18,8.601570336259998e-12,4.2690460541616737e-19,5.231275482242559e-18
