Risks,Annual_Returns,MSFT,AMZN,AAPL,GOOG,FB,TSLA,PHO,NFLX,PBW,AZN,ZM,QDEL,IMMU,LVGO,NRG,BE,PLUG,NVAX,AMD,NVDA,Sortino_Ratio
0.006698750605643197,0.0,0.0,0.0,0.0,0.0,3.765288466686964e-17,2.320420774678741e-17,0.0,0.017945381659935086,0.0,0.40308130579501533,0.0,0.039114680989831584,0.0,1.1349167225673766e-18,0.5331636047601253,0.0,0.0,0.006695026795093058,1.682834358283889e-17,0.0,-1.64
0.006241526349558609,0.07833556799601551,0.0,2.0696125103086227e-17,2.4253642427901377e-17,0.0,0.0,0.0,0.0,0.0015830392931668303,1.3183788230917945e-18,0.4310150765277814,6.610182606479153e-18,0.04518886202039199,7.791187866342747e-18,0.0,0.4908708970466488,1.0935912445175037e-17,1.4729175293355968e-17,0.031342125112011336,0.0,1.2039074331689528e-17,-1.64
0.005939002069748987,0.15667113599203103,4.197342760942442e-17,2.3302484542345428e-17,1.1855407768391728e-18,0.0,5.885905801529604e-17,2.707446073268299e-17,0.11399570543351852,0.005290464108990135,1.1103917454970545e-19,0.41825845851749777,0.0,0.04443892962779313,6.027377963807688e-18,0.0,0.3840970527803095,0.0,0.0,0.03391938953189093,2.979488715391703e-17,3.448303605103184e-18,-1.59
0.005702858348308272,0.23500670398804654,1.1703520837631624e-17,0.0,1.2844233476508908e-17,0.0,4.143762485723333e-17,0.0,0.21844499934236525,0.0022450196035084594,0.0,0.35563287968404234,1.8621109571796543e-19,0.04739505728249335,2.1494781861848654e-18,1.4321742690185602e-17,0.33149090418378485,0.0,6.26366656108117e-18,0.0447911399038062,0.0,8.846215431959535e-18,-1.52
0.005523656836755988,0.31334227198406206,9.924950158386369e-17,3.1965030448482844e-17,0.0,0.0,2.044317320056108e-17,2.166030793372037e-17,0.2743397326378573,0.007501380218541357,0.0,0.3790715789894964,9.384336880612942e-18,0.04849135773701987,0.0,1.2289969991628501e-17,0.23641163586497332,0.0,0.0,0.05418431455211188,0.0,0.0,-1.42
0.005430696441336468,0.39167783998007755,0.0,0.0,0.0,0.0,1.1173097806340324e-17,2.8674536471245217e-18,0.4423534987949685,1.726049858596923e-16,0.0,0.33239844951185465,0.0,0.04832951026514168,0.0,6.791828647651637e-18,0.12448243124599807,0.0,7.379224568434492e-18,0.052436110182037435,3.594731438939637e-18,0.0,-1.3
0.005492260690860911,0.4700134079760931,1.206958628348054e-17,0.0,0.0,0.0,0.0,0.0,0.3298836775957588,0.0055943330619750995,0.0,0.3813733489051009,0.0,0.050495528199470945,0.0,0.005499941232097362,0.16221220847849588,2.1693576898616034e-18,1.8147322318631107e-18,0.06494096252710134,2.27935245755637e-19,1.78217259381815e-17,-1.15
0.0055152218213409335,0.5483489759721086,0.0,2.316395389514496e-17,2.798103344430646e-17,0.0,0.0,1.2400191496855224e-17,0.33174689069073876,0.004852946138300799,4.457284909943052e-18,0.37745614883164014,2.1955892523716244e-18,0.05127210726473984,0.0,0.010254242468259742,0.15840208284198123,0.0,0.0,0.06601558176433982,0.0,0.0,-1.0
0.005572859530677264,0.6266845439681241,0.0,6.778272494891082e-17,1.2610895748375223e-16,0.0,0.0,2.688741339994189e-17,0.298436591013991,0.004588499701933091,1.1276617769843376e-17,0.3477244593821235,0.0,0.053153046217184224,4.095564354996913e-17,0.017444856097346088,0.21429035525662143,0.0,3.8517791659555244e-18,0.06436219233080062,0.0,5.103286484784497e-17,-0.85
0.005580018548128901,0.7050201119641396,0.0,0.0,0.0,0.0,0.0,0.0,0.3211493641686522,0.006998101733821577,3.2507992447345576e-17,0.37538031419806533,1.7374355063166556e-17,0.05261104996781456,0.0,0.020618977474116132,0.15805552543594456,4.70962778438679e-18,0.0,0.06518666702158674,1.3162043587501072e-17,0.0,-0.71
0.005617927212276223,0.7833556799601551,8.442704401281987e-18,0.0,4.822789435155088e-17,0.0,7.794803943620826e-17,1.3131165189504265e-17,0.31480185903494046,0.007653488442004648,1.7731819060506345e-17,0.37381133820473844,0.0,0.05331053490618091,0.0,0.02576042165089074,0.15930778202921778,0.0,4.1842282774625285e-19,0.06535457573202737,0.0,4.8960391338134426e-17,-0.56
0.005659599484892492,0.8616912479561707,0.0,8.2912614778055e-17,0.0,3.7745987794349936e-17,8.143926067117813e-17,0.0,0.3085321370708349,0.007723197055264747,0.0,0.37313407155391437,0.0,0.053235478394402604,8.272545993025839e-17,0.030857945945124803,0.160517523744929,2.2915620726771122e-18,1.9574892724824116e-17,0.06599964623552947,5.074352719387346e-18,2.921816435161712e-17,-0.42
0.005704360530393969,0.9400268159521862,0.0,0.0,1.8640884160570356e-17,0.0,0.0,0.0,0.30148715039924034,0.00969066730459914,0.0,0.370737294516526,0.0,0.05354677296339741,0.0,0.03601212996885086,0.1624333821395077,0.0,3.1128364249937245e-17,0.06609260270787902,2.021842250632585e-17,0.0,-0.28
0.005751539520490644,1.0183623839482017,3.0180222956910025e-17,2.7900529215001533e-16,0.0,2.0225218808264323e-16,2.6337534929962907e-17,0.0,0.2957857854225747,0.010295931819829744,0.0,0.3690883519573741,9.789373932048164e-18,0.055154292974469374,1.3935566298336653e-16,0.04121041574781129,0.16285114249253657,2.2807627147322294e-18,0.0,0.06561407958540372,8.429060196959382e-18,0.0,-0.14
0.005802740158165304,1.0966979519442173,1.5747388660090126e-17,1.0941786581082704e-17,0.0,0.0,0.0,6.654026815142359e-18,0.2897952250672251,0.010136508350416447,1.5267008118663166e-17,0.3678467466112496,1.2028697588595355e-18,0.05522538780203782,0.0,0.04623174513790818,0.16409263539317256,0.0,0.0,0.06667175163799038,4.878213615696708e-19,0.0,-0.01
0.005856773999490348,1.1750335199402326,2.993810913985198e-17,6.694335767808764e-17,3.291403659102722e-17,1.2441859979783565e-17,2.3029067168136817e-17,3.5455570698831e-18,0.28362043431244616,0.011002928539810854,1.7251786242573058e-17,0.3643090195665358,0.0,0.05685626065303683,5.268938267993371e-17,0.05019698486607298,0.1663645146970462,0.0022680167765001583,1.9674507083160203e-17,0.06538184058855083,0.0,0.0,0.13
0.0059132845373482965,1.2533690879362482,0.0,0.0,0.0,0.0,0.0,0.0,0.2777873671725384,0.01193920462214527,0.0,0.36421353848571003,1.4007858663939437e-17,0.05661265202249241,0.0,0.055151250015441286,0.16575550835423952,0.0023310944714465868,0.0,0.06620938485598735,0.0,0.0,0.26
0.005972386621401603,1.3317046559322638,0.0,1.2105915289174978e-17,1.647156859069878e-17,4.3311056130207425e-19,0.0,8.124943881688226e-18,0.2723249206613483,0.011960621035159893,0.0,0.3629912915270343,0.0,0.05743614355171275,0.0,0.06063081858114858,0.16633487847093698,0.001694796726065487,1.7745607498664274e-17,0.0666265294465939,0.0,3.0937655513860623e-19,0.39
0.006044845714327426,1.4100402239282792,6.237085328503138e-17,4.7379831320408706e-17,7.443296336128628e-17,0.0,0.0,0.0,0.2625640144543888,0.010603441919419327,0.0,0.3377704108053105,0.0,0.0583697148351662,8.808873568273399e-18,0.06439101830121174,0.19660221876961484,0.006035340887692364,6.201706891556275e-19,0.06366384002719606,2.7141538439949927e-17,2.4036222492920282e-17,0.51
0.00609917035397686,1.4883757919242948,1.8149176968085485e-17,1.64997766069886e-17,8.19457532358037e-18,0.0,1.7018864187810696e-18,0.0,0.2606799118564519,0.011122358012783391,0.0,0.35593373427783814,0.0,0.06053345294874607,5.099105366812207e-17,0.07057119380053377,0.1721944604714889,0.002490229952797261,2.1663514961747776e-17,0.0664746586793604,2.2509652012627714e-17,1.6325062326128536e-17,0.64
0.006174832419992242,1.5667113599203102,0.0,0.0,0.0,0.0,0.0,4.872378728919522e-18,0.2543897435151156,0.010274867543712256,0.0,0.33431954883105314,8.384123983029697e-18,0.05999820129280006,0.0,0.07235996119009612,0.19548639470974738,0.009683733732613557,0.0,0.0634875491848625,0.0,0.0,0.76
0.006242125671982529,1.6450469279163258,1.3226563032794151e-17,1.3974021628787066e-17,4.44464334318179e-17,0.0,0.0,0.0,0.25036147957953625,0.01154296886462787,1.2276586639859836e-17,0.3334730735308635,0.0,0.06002593362295906,0.0,0.0773080417902345,0.19390712020242346,0.009867272567851103,0.0,0.06351410984150432,4.357525277991667e-17,1.3297434624352428e-17,0.87
0.006312445315408135,1.7233824959123414,3.523178681584288e-18,0.0,3.875650677650117e-17,3.8653747082190323e-17,0.0,3.7375621517040435e-18,0.24647731323826017,0.011740249911624208,2.9084331462099607e-18,0.3319953387475168,0.0,0.06065250118868711,3.5656043214493786e-17,0.08166927450305304,0.1929628832331791,0.011055749226578038,5.877332608332113e-18,0.06344668995110146,0.0,0.0,0.99
0.006376332275154773,1.8017180639083568,0.0,1.4391454940023748e-16,2.9140070422679245e-17,1.6203007997188036e-17,2.524262721308309e-17,1.030948538096009e-17,0.24044220282484133,0.012150115758966636,5.781888443055701e-17,0.3513004668081225,5.364301992042542e-18,0.06320235884230907,9.00708110400337e-18,0.08626039729014084,0.17057887076472505,0.010397056965732225,1.2597243073363074e-17,0.06566853074516195,5.915680107903563e-19,6.0802924354254345e-18,1.1
0.006456135798845591,1.8800536319043724,0.0,0.0,0.0,0.0,9.941547613320895e-18,0.0,0.23842196404443639,0.010023227349669615,1.2535613043792003e-17,0.3356579054007736,7.571154514493446e-18,0.06234790488332769,0.0,0.09097515162706395,0.18492652514221006,0.01158023331702526,3.766770682144273e-18,0.06606708823549359,1.4321180675629208e-17,0.0,1.21
0.006532664805685788,1.958389199900388,0.0,6.388919565432593e-17,3.0086021454763557e-18,4.672436581246519e-17,6.89035448376037e-17,0.0,0.23417119648744977,0.010451429220218425,1.77824061598298e-18,0.33441879493477966,0.0,0.06309688797569978,1.3402801451105003e-17,0.09537869294529726,0.1836176359579899,0.012606163855447992,0.0,0.06625919862311705,0.0,0.0,1.31
0.00660529256304702,2.0367247678964033,0.0,0.0,3.515791707624879e-17,0.0,0.0,0.0,0.22506322187602776,0.014792269671225097,0.0,0.3496048337941665,0.0,0.0640617311451521,0.0,0.09814569088787274,0.1670504512046198,0.01594955826856408,2.2695994952418188e-17,0.06533224315237213,4.409239903544221e-18,1.4582904682755515e-17,1.42
0.006692394785354918,2.115060335892419,1.9689512178815067e-17,5.74460183353457e-17,0.0,4.186699861815832e-17,0.0,0.0,0.227188788163563,0.010590347087614471,2.9838519007353785e-18,0.32957464648837176,0.0,0.0640807675692793,4.518837255960083e-17,0.10361772538010545,0.1838363249992845,0.016176394663343495,0.0,0.06493500564843796,3.778026300345559e-17,1.0186487330875708e-17,1.52
0.006774871161213196,2.1933959038884345,1.1497546470780665e-17,4.966191659024637e-17,6.422725185959708e-17,0.0,1.814137370748415e-17,0.0,0.22374698905235482,0.00998765171477288,0.0,0.3285020431403173,0.0017278051865541816,0.06455850191203104,0.0,0.10584708440056972,0.18297471640437235,0.01843706400615311,1.5431240672660286e-17,0.0642181441828746,3.6105662722510866e-17,1.4053184873011977e-17,1.61
0.006859470817743497,2.27173147188445,2.4295476539986036e-17,4.238778464816537e-17,0.0,0.0,0.0,0.0,0.2214107488533757,0.009854723751278369,0.0,0.3253486396680472,0.004814952201506161,0.0641997760387464,0.0,0.10637449289165476,0.1834923248350342,0.02161851928160501,7.379682137255219e-18,0.06288582247875228,2.1416927166835262e-17,1.4760964107171354e-17,1.71
0.006941857663913002,2.3500670398804653,2.0344814911437098e-18,6.505363611659582e-17,0.0,2.0898762188314615e-17,5.254444634604824e-17,0.0,0.2172172611553435,0.008350916131286938,3.900364824709848e-18,0.32620952412894877,0.007455662897198161,0.06580356202326286,4.74395813881557e-17,0.10849823413362097,0.18054076260356708,0.02217671490645776,1.0378946119284556e-17,0.0637473620203138,4.241935895123638e-17,0.0,1.8
0.007026612063145527,2.428402607876481,0.0,1.563598570677245e-17,0.0,1.3245697927071589e-17,0.0,1.3995530815633048e-17,0.21447130308464338,0.008590643962957119,0.0,0.3246416008533118,0.013794768201091974,0.06599859890723771,1.923395130898716e-17,0.10591782263729252,0.17930732655668902,0.025629812053865705,0.0,0.06164812374291084,0.0,1.391550141379966e-17,1.89
0.007104805637375293,2.5067381758724965,0.0,0.0,0.0,2.1800283660996438e-17,0.0,0.0,0.21015822947699572,0.006240141610371746,0.0,0.33656906907605044,0.011342635647781329,0.06561326033396563,2.239956456016473e-17,0.11275948614645402,0.16716575898110694,0.02535325982229193,0.0,0.06479815890498233,0.0,0.0,1.98
0.007190741158997664,2.585073743868512,0.0,5.856076485763619e-17,4.054419192038233e-17,2.1913936387251593e-17,0.0,4.489745232048977e-18,0.20948497544642558,0.003481481429474314,4.215125921465032e-18,0.3301470525814253,0.017999430659928692,0.06756712373647364,4.291308771610465e-17,0.11049533866270346,0.1689787416298391,0.027452025173103384,9.243067773895892e-18,0.06439383068062626,8.564167797653272e-18,5.898178393461252e-18,2.07
0.007273517536326724,2.6634093118645277,6.814944150310456e-19,0.0,4.2168980337851175e-17,0.0,2.0530759731791e-17,0.0,0.20785386691546515,0.0038163088478662655,0.0,0.33211129145834745,0.0197980960362869,0.06613662272788676,0.0,0.11331660904688247,0.1646673764500758,0.028505029397326496,0.0,0.06379479911986286,4.050372291711162e-18,6.5042918522520896e-18,2.15
0.007357895559669281,2.741744879860543,3.277251852384473e-18,9.06740806715449e-17,5.8795570571805335e-18,4.353173345192403e-17,1.1009630053549982e-17,2.55818938845329e-17,0.20556141945138023,0.0024729181274040614,2.9698492075036656e-17,0.3308971647742885,0.0248441298590783,0.06678677615543095,3.469563548550068e-17,0.11316511363747708,0.16304513672511778,0.029413637748797523,5.214627349511661e-18,0.06381370352102525,1.6134861830252398e-17,0.0,2.23
0.007442303856515306,2.8200804478565584,4.167795184716954e-17,7.504920071584643e-17,2.368754608074291e-17,4.368286339165846e-17,1.6591267427596524e-17,0.0,0.2033663266701883,0.0007273720100057879,1.7090628816664498e-17,0.32951207378428543,0.029166702558736605,0.0680940870257264,9.004772243472474e-17,0.11346827119491694,0.161526982248121,0.03079285677358452,0.0,0.0633453277344349,1.684880447558515e-17,2.948547540583355e-17,2.31
0.007526533130676551,2.898416015852574,0.0,0.0,0.0,0.0,1.756847213512908e-17,4.1267988151304815e-18,0.20219711554290995,0.0,3.3094849372105997e-18,0.32764776124492523,0.0330114435573868,0.06876285447283396,0.0,0.11401695311405068,0.1591229261335498,0.03242473564802925,5.561460900156916e-18,0.06281621028631447,0.0,0.0,2.39
0.007610291010260688,2.9767515838485896,1.2129275486069608e-17,0.0,0.0,0.0,0.0,0.0,0.20117978036562406,2.487481291488163e-18,1.3382252279370386e-17,0.32680330087400167,0.03584243982126723,0.06831971370278382,1.8640944448595732e-17,0.1154193568560607,0.15592016334677675,0.03416382802042835,1.9644151062881277e-17,0.06235141701305735,1.1935677271455864e-17,0.0,2.47
0.0076945457660257234,3.055087151844605,3.2684437569323857e-18,6.5477832059601945e-18,2.9825223488712714e-17,2.3067928991852315e-17,1.3667763980226394e-17,7.487557723469607e-18,0.20009982687239103,1.8664754273109605e-17,1.95217362983525e-17,0.3248627144072148,0.0393086061819546,0.06856689988930553,1.8003794093510283e-17,0.11642449063281808,0.15332073822168735,0.03560640929457749,1.0667108160467287e-17,0.061810314500051027,2.2510518452739422e-17,3.439110793428116e-17,2.54
0.007778751786914861,3.1334227198406204,1.0619879513658815e-17,8.904077569665419e-18,0.0,0.0,0.0,1.3594997594978276e-18,0.19910796941418957,8.387167810555539e-18,0.0,0.32314916363467144,0.0427460923769498,0.06882721419014581,2.0638208891727237e-17,0.11742750443056751,0.15040379279913196,0.037084489490094755,1.6737691600640058e-17,0.061253773664249174,8.101888723741798e-18,2.178995139447525e-17,2.61
0.00786289377451866,3.211758287836636,6.617224218184181e-18,0.0,4.866937443150261e-17,0.0,1.8690876937833595e-17,0.0,0.19820756326812014,4.4908263505634234e-17,0.0,0.3218092600008852,0.04613525806021433,0.06901395186965589,0.0,0.11847770735085654,0.14713043940782572,0.038554496571759925,1.8899476292121276e-17,0.06067132347068243,1.1561895677684323e-17,7.134440757653247e-18,2.69
0.007947402681176701,3.2900938558326516,5.3858998291955055e-18,0.0,0.0,0.0,0.0,0.0,0.19714825178889983,2.017618323019465e-17,0.0,0.3198671497516958,0.049717273569222654,0.0693615990770312,0.0,0.1194847901941258,0.1444808785768533,0.03981683262165734,2.405083328345199e-17,0.06012322442051436,1.643213701598429e-17,3.870315699884494e-18,2.76
0.008032007246804487,3.368429423828667,7.73022415894085e-18,1.129061048674741e-17,4.557317608011922e-19,3.6708190148830136e-17,0.0,0.0,0.1960575826585306,0.0,0.0,0.31789710666948784,0.053297329401337856,0.06976257186235131,0.0,0.12048996506421732,0.1418101654747773,0.04107129553478846,2.7261165305716494e-17,0.05961398333450915,1.5407045351679836e-17,0.0,2.82
0.008116563361111348,3.4467649918246828,0.0,0.0,6.11733263686433e-17,0.0,4.924322134153695e-18,1.3957086416117868e-18,0.194939215249967,0.0,0.0,0.3163118856488359,0.05683592047661837,0.07007861622276171,0.0,0.12149366579739909,0.13882761914156597,0.04237353671947513,8.050152339369876e-18,0.05913954074337673,2.4110879155946646e-17,1.103888368955571e-17,2.89
0.00819707479923936,3.5251005598206984,4.116497981088889e-17,1.7099883696146e-17,1.3032291920885803e-17,0.0,1.7338859868922783e-18,0.0,0.1954328151493336,6.088460721066357e-18,1.4766003502298153e-17,0.3287239246770164,0.059447878103901355,0.06909258614163033,0.0,0.12163787605310304,0.12280841376424248,0.04668598887243719,1.9861219500772846e-17,0.056170517238335514,1.3771032085476422e-17,3.8966099715734904e-17,2.96
0.008281366315669662,3.6034361278167135,3.3607454916235835e-17,5.6988966556596384e-18,1.4404350264631353e-17,6.457414566036701e-20,2.3837873679457956e-17,1.9076461861127806e-17,0.19444824651007167,2.3536668741735167e-17,2.5919581990019946e-17,0.3281180202978975,0.06327484771910309,0.06957592727783875,6.244434785229144e-17,0.12211159082985938,0.11852286170209711,0.04838638737095626,8.335535102031094e-18,0.05556211829217605,0.0,0.0,3.02
0.008365696940566806,3.681771695812729,0.0,0.0,0.0,0.0,0.0,0.0,0.19363230076839294,0.0,1.5382480325216832e-17,0.3275867360238055,0.0673294083216815,0.06985165936230321,0.0,0.12261155851055265,0.11435202231519895,0.04973271961659316,6.778871940953532e-18,0.05490359508147244,0.0,0.0,3.09
0.008450229720230093,3.7601072638087447,2.2084256263780704e-18,1.1398724898844492e-17,0.0,0.0,2.819732408833789e-17,3.4152053187662166e-17,0.19266982971264324,3.682138435219504e-17,0.0,0.32652321315885285,0.07117261086789062,0.07014170604280175,1.6028981591090162e-17,0.12323227025866423,0.11073782939488107,0.05120053237768236,1.534712803356128e-17,0.05432200818658392,6.4140835360278946e-18,0.0,3.15
0.008534963903043835,3.8384428318047603,0.0,2.431437497725292e-17,1.5341046063156227e-17,0.0,1.432225712328314e-17,8.071804468483465e-18,0.19151434063400058,2.5606670133606777e-17,0.0,0.32498511109220385,0.07480748573123044,0.07038646837735399,3.4524253569216638e-18,0.12397245300812001,0.10770607182634509,0.05278563874839455,2.0886879165178407e-17,0.05384243058235147,9.181401599912027e-18,2.1019571657776695e-17,3.21
0.008619686545095253,3.916778399800776,2.848921968061757e-19,7.253410958726407e-17,0.0,2.1707056027022973e-17,2.1814565761787373e-17,3.424913122101849e-17,0.1905496395015268,2.3618941735170092e-17,3.209278083377504e-17,0.32372377030621424,0.07867250151298047,0.07048268411976372,4.7046738514636154e-17,0.12466856957289986,0.10448898036073562,0.05411436906678685,2.3379169579194875e-17,0.05329948555909212,2.8800423658937518e-18,7.228558471807379e-18,3.27
0.008704389734517865,3.995113967796791,0.0,1.7386903509332442e-17,0.0,0.0,1.7003754776510295e-17,0.0,0.18958551961043904,0.0,0.0,0.32266276128171323,0.08260697937049565,0.07071614540846347,2.2544782141207923e-17,0.1251826829545712,0.10089694018287207,0.055617212299718874,0.0,0.0527317588917264,3.1176564456464317e-18,0.0,3.33
0.008789096266265149,4.073449535792807,2.80071463359321e-17,3.3339792422247216e-17,0.0,2.7525453223593426e-17,1.5910447572915617e-17,4.5303204638252106e-18,0.18866141213349188,2.1982429982369922e-17,5.675346010029013e-17,0.32175565498335307,0.08662208413951365,0.07100517582529123,6.483467354387753e-17,0.12557399868793678,0.09705700138782972,0.05719306929112312,4.883925404514408e-19,0.0521316035514604,0.0,1.0766891680097778e-17,3.38
0.00887717612230592,4.151785103788822,0.0,0.0,1.4098240081784365e-17,0.0,0.0,0.0,0.18479620120715778,1.6365854287686997e-17,0.0,0.31071789274093425,0.08909021209294522,0.07288118535182472,2.419636089274338e-18,0.1296667222824478,0.10362893197884038,0.054656100815119846,0.0,0.054562753530730146,3.1439779523539595e-17,1.4534327177890346e-17,3.44
0.008962173805945266,4.230120671784838,0.0,3.053987694137916e-17,0.0,0.0,0.0,0.0,0.18356280007691364,0.0,2.4566447310182135e-17,0.3095801437517588,0.09265943722892372,0.07312926435168703,4.21781208322177e-17,0.1305221906637433,0.10039991807693625,0.05618395124837712,0.0,0.0539622946016602,0.0,0.0,3.49
0.00904726629244549,4.3084562397808535,2.0509194339255365e-17,2.3355703906978558e-17,0.0,2.891311990638063e-17,5.874767364050706e-17,2.295407303257389e-17,0.1823129429582465,5.793557903219986e-17,2.8671403367138007e-17,0.30832782078660387,0.09625951800264437,0.07350033469032802,3.148486340053571e-17,0.13140959743890201,0.09720454259018965,0.05760507206676438,1.2692570314654018e-17,0.053380171466321034,5.58754979548381e-18,1.8732534502972946e-17,3.55
0.009132348823210696,4.386791807776869,0.0,0.0,0.0,0.0,0.0,0.0,0.18109771752240375,0.0,0.0,0.30719603794084754,0.09983466112195932,0.07399356556171731,0.0,0.13232772751775285,0.09377432926711676,0.05900617098809305,0.0,0.05276979008010964,0.0,0.0,3.6
0.009217374582487838,4.465127375772885,1.7760633199901463e-17,0.0,1.963567666660946e-17,0.0,1.5236141498659607e-19,0.0,0.17993219265326194,0.0,2.0177072189218767e-17,0.3063061016221204,0.10341357875480224,0.07439231068360457,3.1376915444528585e-17,0.13312760040640906,0.0900657098254494,0.06057631450512514,5.489289239102828e-18,0.05218619154922715,1.3002980517716316e-17,1.858843517932515e-17,3.65
0.009302365222733094,4.5434629437689,0.0,0.0,3.579524002145627e-18,0.0,0.0,0.0,0.1787984311835614,1.285164305579324e-17,0.0,0.3055673177183367,0.1070150703369137,0.0746821207209552,0.0,0.13373799848330514,0.08610818760015503,0.06238051950198692,0.0,0.05171035445478628,0.0,0.0,3.7
0.009387286402307682,4.621798511764915,0.0,1.817298506106301e-17,1.6638894586478078e-17,0.0,0.0,7.754193209031577e-18,0.1777746651264507,3.1718122822976744e-17,0.0,0.30502552574126235,0.1106655196274399,0.0749037720478143,7.520818245796357e-18,0.13404529461521217,0.08166629216075416,0.0645367658801905,0.0,0.051382164800875714,0.0,0.0,3.75
0.00946932963811145,4.700134079760931,0.0,0.0,5.3557902796011374e-18,1.5125422101416232e-17,0.0,0.0,0.18081402271748676,1.0899621454846694e-17,0.0,0.31323362185844394,0.1181039381379558,0.0728907049997292,0.0,0.12944751892810372,0.0681802493183276,0.06952543444479785,0.0,0.04780450959515517,1.1029658945573875e-17,1.6290797157842405e-17,3.8
0.009556287129402824,4.778469647756946,0.0,2.4110473721436333e-17,9.08287086715259e-18,0.0,0.0,0.0,0.1766547658772294,4.307194098443311e-17,2.911835183685477e-17,0.30687467505404825,0.11900110038240516,0.07503610131833843,1.1384372349055388e-17,0.13243644917554345,0.06910039524278358,0.07094780952564916,1.6928703747982357e-17,0.04994870342400246,0.0,8.15081491974042e-18,3.85
0.00965268226672388,4.856805215752962,8.463279107074568e-18,2.505020629057664e-17,8.625721225688778e-18,2.8685213071734826e-17,8.125348175135958e-18,0.0,0.1704015956641918,0.0,4.050197451279832e-17,0.28304749689289044,0.1216248376962317,0.07681787361147663,4.8693755774407474e-17,0.13901089560745586,0.09588169333279878,0.06670793390384855,0.0,0.04650767329110587,1.808860761133502e-17,2.3321097618273677e-17,3.89
0.00972681842007319,4.935140783748977,8.655216928436797e-19,0.0,0.0,0.0,0.0,3.8478834203355616e-18,0.1764889619960972,0.0,0.0,0.30772370573260877,0.12716777200935583,0.07313354667601457,0.0,0.1345675466210357,0.06279283630503447,0.07288184081687589,0.0,0.045243789842977826,3.0607556466848882e-18,0.0,3.94
0.009810808455821414,5.013476351744993,0.0,0.0,0.0,0.0,0.0,2.553771684845077e-18,0.17620231150352944,0.0,6.579567944229318e-18,0.3083702065378071,0.13280460636371985,0.07494096852544092,0.0,0.13217890888905565,0.05305996654793285,0.07553532577845946,6.655456319239753e-18,0.046907705854054856,0.0,5.34430005766959e-18,3.99
0.009895861486640819,5.0918119197410086,0.0,0.0,0.0,2.553381269800023e-18,0.0,0.0,0.17577904095218458,0.0,0.0,0.3076527973958376,0.1374345641713537,0.07630063575946062,0.0,0.1317813010847236,0.04798859174504366,0.07758252580620621,0.0,0.0454805430851902,0.0,0.0,4.03
0.010011660284774142,5.170147487737024,4.187962364961964e-18,0.0,0.0,0.0,8.144835707606962e-19,0.0,0.15758218616683692,0.0,0.0,0.256436430147291,0.14487043609197303,0.07845392453917203,1.0214265104860087e-17,0.12763501069167413,0.10755195010598392,0.084623882506639,0.0,0.04284617975043012,1.8701822688096015e-17,0.0,4.07
0.010098337640691317,5.24848305573304,0.0,4.885382626745176e-19,0.0,0.0,0.0,0.0,0.15586936275718175,1.506384597863165e-17,9.871568221523676e-18,0.2546435709386194,0.1489351383216921,0.07883576483898007,2.843467753425777e-17,0.12807636675160372,0.10603183322412128,0.08646502932472762,0.0,0.04114293384307406,6.5162441338700216e-18,1.240826765320829e-17,4.11
0.010152665435484638,5.326818623729055,8.783709469423743e-19,6.527272078885276e-18,0.0,0.0,0.0,1.3892929559565736e-17,0.1720015855305799,5.274739284723528e-17,0.0,0.3021269324615364,0.14904624321797105,0.07794424105585537,0.0,0.13330849165716294,0.039921420438330565,0.08271383279355968,4.395060896880212e-18,0.042937252845004235,0.0,9.96022976069716e-19,4.16
0.010243186479604687,5.405154191725071,1.303456210422852e-17,0.0,1.6729777224609557e-17,2.1778126729168478e-17,2.0986610096573224e-17,0.0,0.16600641186742462,1.80074662865233e-17,2.877909896830562e-17,0.2912934114858534,0.14673836455474568,0.0792223565264172,5.789959258063363e-18,0.14366837142174063,0.05258561021818811,0.07853014538240108,3.299543626835676e-17,0.04195532854322913,3.7428063805795407e-17,0.0,4.2
0.010323405266949557,5.483489759721086,2.6323026278573215e-18,5.163165504639705e-18,0.0,0.0,2.0497276505065753e-17,1.1832311047234727e-17,0.17154385286387067,1.1469240635734301e-17,1.0083073274543669e-17,0.3015543009038463,0.15721095263025017,0.07760916777554488,3.7525058280259473e-17,0.1339467718290107,0.03051696748666298,0.08582668715270757,0.0,0.041791299358106763,4.352867860453924e-18,0.0,4.25
0.010409419336275054,5.561825327717101,1.2691030876658944e-17,0.0,0.0,1.937795530016694e-17,3.020253175929654e-17,0.0,0.16940545030781032,0.0,7.708783572821289e-18,0.29911307451038505,0.1605201935070006,0.0784832179568525,6.99176160432529e-17,0.1350188583580714,0.02888169166001351,0.08746746687325298,1.671065754499115e-17,0.0411100468266135,1.5527427689166562e-17,1.600571404401882e-17,4.29
0.010495399976978697,5.640160895713117,1.0656148488946883e-17,4.938244279815125e-18,2.3713391640962417e-19,0.0,0.0,9.357768056772455e-18,0.1676134757556506,2.472866023040967e-17,0.0,0.2967203700848529,0.16392051627262177,0.07932182818539373,4.064155950350626e-18,0.13613438653557255,0.026945184992988036,0.08887266715636177,2.982323619168583e-17,0.04047157101655856,0.0,0.0,4.33
0.010580476366975719,5.7184964637091324,2.462186241968208e-18,1.3103965430760758e-17,9.58055335715952e-18,7.44235356087496e-18,0.0,1.4460825913253908e-17,0.16883788038233005,4.450682844185013e-17,3.88626687805842e-18,0.2986352360899185,0.16848655324009038,0.07805965565784567,3.462882775154173e-17,0.13593735371568128,0.01973515949153371,0.09048366345817367,1.1307338866332076e-17,0.03982449796442652,0.0,0.0,4.37
0.01066639275495059,5.796832031705148,0.0,2.3888794426090918e-17,1.8199117205000596e-17,0.0,0.0,0.0,0.1672237557289305,6.883071828280893e-17,3.2136079957470097e-18,0.2962123448199939,0.17187094199752326,0.07903682779268045,1.7224523761262867e-18,0.13684796704800598,0.01731315972038831,0.09216948134416816,0.0,0.03932552154830947,2.3437534374293515e-17,5.4844526334035555e-18,4.4
0.010752293080815866,5.875167599701164,0.0,7.327800569933825e-18,1.4024630003842177e-17,0.0,0.0,0.0,0.16590472313422358,0.0,0.0,0.29449952112123057,0.17540782521358264,0.07959884368618511,1.435247863943872e-17,0.1377448789291478,0.014505140678085063,0.09370667181998496,8.723476880981337e-18,0.03863239541756019,1.8765949674375884e-17,0.0,4.44
0.010838023068112967,5.953503167697179,0.0,1.2524619646951096e-18,0.0,1.0444540967520862e-18,1.132623115451658e-17,0.0,0.16527319570648039,0.0,2.105320939046584e-17,0.2937174419901094,0.17922523973337692,0.07968912915258838,2.8620130085774946e-17,0.13827832890578745,0.01038175210959633,0.09531445063878129,0.0,0.0381204617632799,2.7289371109760355e-17,0.0,4.48
0.01092798397379844,6.031838735693195,0.0,0.0,9.362326144652057e-19,1.4206431533516809e-18,0.0,2.454649545923539e-17,0.15763030148933363,3.8847585902177005e-17,0.0,0.2856601189211861,0.1782286749646304,0.08183620736778675,1.262928504192402e-17,0.1477515006592449,0.02064533897396458,0.09028595589937534,8.500330146199621e-18,0.03796190172447844,1.3770875034027185e-18,0.0,4.51
0.01101370207929806,6.11017430368921,1.8620346866151723e-17,2.2750399713558977e-17,5.606181375846942e-18,5.94836012183766e-18,7.414838554264787e-18,1.534214470365229e-17,0.15746215591241722,3.05887066872969e-17,2.943306221784209e-19,0.2885125642837909,0.18224221138002375,0.08056071268678273,9.322381977460928e-18,0.1486661382376955,0.014087950663099803,0.09094478807201317,1.687816522718885e-17,0.037523478764176804,0.0,1.074230634270034e-17,4.55
0.01109937122188089,6.188509871685226,6.7252056907306154e-18,0.0,0.0,0.0,0.0,0.0,0.1569652551425926,4.6032272943810585e-18,0.0,0.2900169181225683,0.18710425759154012,0.07966636288337925,0.0,0.14829979027856263,0.008525768812822127,0.0924520706966645,6.2602903726313315e-18,0.03696957647187041,0.0,9.776707064121788e-18,4.58
0.01118482349668064,6.266845439681241,8.31842474452135e-18,0.0,3.454016070635293e-17,0.0,0.0,0.0,0.15583175664549015,0.0,0.0,0.2884774919235149,0.1906131208943412,0.08085747060679588,0.0,0.14864941153712624,0.004393263167215876,0.09478448722727144,2.519805786937895e-17,0.03639299799824437,0.0,1.4477621239155002e-17,4.62
0.011297548790705325,6.345181007677256,0.0,1.2613142935057296e-17,0.0,2.472427617798279e-17,1.071134203315626e-17,1.4712070416512777e-17,0.13215667414818486,0.0,1.569355694024731e-17,0.2399037581043995,0.19751668746497417,0.0810710120694273,1.1768428141860616e-17,0.14238401039649246,0.06547683269158382,0.10574568851085023,7.386690881489094e-18,0.03574533661408783,0.0,0.0,4.64
0.011384082815582789,6.423516575673272,1.484933030491426e-17,0.0,3.6743672344567375e-17,0.0,0.0,0.0,0.13059707821111755,0.0,0.0,0.23837317661730698,0.2011834911861746,0.08108203909866399,0.0,0.1432486353281862,0.06324249264851185,0.1071904930504663,0.0,0.03508259385957249,0.0,6.8872794311028394e-18,4.68
0.011442395876472427,6.5018521436692875,1.1302533026858776e-17,9.02790623225216e-18,0.0,1.5482519021920357e-17,0.0,0.0,0.1496221939026566,3.841862179889466e-18,0.0,0.28124595737546143,0.20417640901911954,0.08152073489935185,0.0,0.1469571443668489,9.388744205161197e-17,0.10234323906937011,4.226366917060364e-17,0.034134321367191536,0.0,0.0,4.72
0.011529120900600542,6.580187711665303,2.121457997653079e-17,8.267499610762465e-18,1.044616767291619e-18,1.5650031400738065e-17,0.0,1.719222994971765e-17,0.14689556885334407,0.0,1.2951840173657e-17,0.2791182244714613,0.20967587702367904,0.08055077609399353,1.7569655365620727e-17,0.14523247723026295,4.024402328549474e-17,0.10550755968597712,4.722752578856472e-17,0.033019516641281874,1.04462638218064e-17,1.9878134598244734e-18,4.75
0.0116160591960372,6.658523279661319,0.0,8.1986095685877e-18,6.529730329120993e-18,0.0,0.0,1.7503206470695477e-17,0.1447931173124334,1.2189851809958329e-17,5.932854260695375e-18,0.2763273064861153,0.21378467084257055,0.08007778629764073,4.4613979126594724e-18,0.14554403642714625,0.0,0.10737922421144626,5.182522309488038e-18,0.03209385842264751,0.0,0.0,4.79
0.01173151262135725,6.736858847657334,0.0,0.0,2.8932426916805314e-18,2.90999746310989e-17,0.0,0.0,0.1228594282627049,0.0,0.0,0.23081925133407802,0.21586960504478128,0.08282680322438507,0.0,0.1462929241485104,0.05546242902134964,0.11366357365451857,0.0,0.03220598530967232,0.0,0.0,4.8
0.011816600501946651,6.81519441565335,9.585872595385162e-19,0.0,5.559240181285799e-18,1.2852226687086424e-17,0.0,0.0,0.12084459087830267,0.0,0.0,0.23142808062313378,0.21939469099625344,0.08300417557863139,0.0,0.14734168967584552,0.05144749491906974,0.11495160585964483,0.0,0.03158767146911898,0.0,0.0,4.84
0.011901744405036474,6.8935299836493655,3.745046744074084e-18,2.6572899827352313e-17,0.0,1.848018996746426e-17,3.013291816882551e-17,4.1079680176436774e-17,0.1189000634544233,6.573860122876154e-17,1.666967497372483e-17,0.23214499513070277,0.22287285817367566,0.08305806723962612,2.4062540278067154e-17,0.1484671363204895,0.04737912187632617,0.11618143052519586,3.631198065775402e-18,0.03099632727956041,3.1967316067802825e-17,7.296884854797063e-18,4.87
0.011986926429045456,6.971865551645381,1.0475216132998281e-17,0.0,1.5369031495226817e-17,3.2130688732601217e-18,4.034227802668602e-18,2.8975255087205623e-17,0.11705791950454356,0.0,3.470755380145447e-17,0.23298601974488986,0.22629658006892936,0.08299743290862983,1.0446205943023155e-17,0.14967050225924666,0.04317190131226024,0.11734563658489228,2.225493078336539e-17,0.030474007616608106,2.847687103606472e-17,1.2597859830112586e-17,4.9
0.012073268940129413,7.050201119641397,2.9633343725103406e-18,4.650734801309584e-18,6.6878559837545494e-18,0.0,1.1643746989025869e-17,1.5610006354018803e-17,0.1144105597715733,7.696774525991452e-18,3.111714311791637e-17,0.23180161368374982,0.22873019614677562,0.08433703254126589,1.2205130268180548e-18,0.15198577673881494,0.04068023903978473,0.1182541356555393,1.3412760502499051e-17,0.02980044642249635,0.0,2.7431788532868088e-18,4.93
0.012158826444159604,7.128536687637411,0.0,0.0,5.010192794561404e-18,0.0,0.0,4.786364046910501e-18,0.11253760198954503,0.0,9.667509409850578e-19,0.23220442140058803,0.23162810315537813,0.08449914987316759,6.541441374596411e-18,0.15383250704033583,0.03673566265523428,0.11912061740523264,2.1473534618293546e-17,0.029441936480518596,0.0,6.4835127305065604e-18,4.96
0.01222592008460463,7.206872255633427,0.0,0.0,0.0,0.0,3.0010268237276614e-18,0.0,0.12866468037170362,1.8818138586232306e-17,0.0,0.2499462355014198,0.23621259016648077,0.08489004769439153,0.0,0.15474686993440626,8.052131927622906e-18,0.11757672991091303,3.961175959059484e-18,0.027962846420684997,0.0,5.204609790234171e-18,5.0
0.012330076369528192,7.285207823629443,9.338197446456053e-18,2.1757058935291447e-18,0.0,1.2507034929679392e-17,0.0,0.0,0.10857265009958159,3.9080501233968566e-17,1.0762817955755263e-17,0.23300377053702698,0.23767259119411943,0.08564879174524138,6.815514752021435e-18,0.1571827498405783,0.028356273492749197,0.12103516645646585,1.1024040702199134e-18,0.02852800663423722,0.0,1.1346845657639915e-17,5.02
0.012405119991321647,7.363543391625458,0.0,0.0,0.0,2.1039606446722295e-17,1.3265824369194097e-17,3.883449028696232e-17,0.11517393069545451,0.0,7.156683501143885e-17,0.2491538281589342,0.24963039120063749,0.08583118263573498,1.9871690094852587e-17,0.14713684365418078,3.683322229793826e-17,0.1269381809324732,4.051079996235989e-18,0.026135642722584708,5.244570267513105e-17,0.0,5.05
0.01249993024115717,7.441878959621474,0.0,0.0,2.944458081745946e-19,2.0896513955651502e-17,0.0,4.474299980642957e-18,0.1058814435268375,0.0,0.0,0.23776239385914755,0.24605031069050323,0.08412843221367154,0.0,0.15784673907108301,0.01698619268855883,0.1238039965995612,0.0,0.02754049135063722,0.0,0.0,5.07
0.012586018690684448,7.520214527617489,1.3483361427201523e-17,0.0,3.59408752000459e-18,0.0,7.404914525536128e-18,3.823716899263193e-17,0.1036814303582554,3.147118332121758e-17,2.3241622410252232e-17,0.23822537628944956,0.24910124779061474,0.08464458400610804,0.0,0.1594628471638514,0.012892373166291406,0.1247927744942988,7.504337887810645e-18,0.027199366731130537,4.729373650818947e-17,2.0894504387074273e-18,5.1
0.012668204384079451,7.598550095613505,0.0,1.3428418734746901e-18,0.0,0.0,0.0,2.3181261208462273e-17,0.10484671621457382,2.5714546487189573e-17,8.177489570009406e-17,0.24620100085687066,0.25776610326719185,0.08354181195916073,1.7005207083626985e-17,0.15404592231628994,2.7755575615628914e-17,0.12903206737625875,9.206287885515183e-18,0.02456637800965398,9.215663831756971e-17,1.2797261033643911e-17,5.13
0.01275623548740409,7.676885663609521,9.444647746734423e-18,1.0279426911634732e-17,0.0,0.0,0.0,1.942900239733449e-17,0.10132494554155934,0.0,4.283972932063732e-17,0.24418255732151734,0.2588622859028795,0.08373597074863509,0.0,0.15835589547697818,4.380176776841438e-17,0.12861515258905132,1.1994701863722088e-17,0.024923192419379004,2.411769531740812e-17,0.0,5.16
0.012844681707425084,7.755221231605536,0.0,0.0,0.0,1.4515838303870494e-17,8.643303108980423e-19,1.5340916056062156e-17,0.09737521177615742,7.097911539830964e-18,9.89834570492098e-18,0.2410576307849997,0.25898018841860376,0.08565627754870508,0.0,0.16386465037189535,3.903127820947816e-18,0.12759893864532973,0.0,0.025467102454308867,3.7567654657111374e-17,2.230602442042203e-18,5.18
0.012934132191765922,7.833556799601552,0.0,1.1802266588305496e-17,5.2636215158393515e-18,9.886972561625008e-18,0.0,3.035501348316016e-17,0.09378724076309217,3.435029470593813e-17,0.0,0.2380709492383345,0.2597137389028428,0.08744371766076056,5.733202678791962e-18,0.16857485575117293,1.8923722192605575e-17,0.12716254334686575,8.280786335122507e-19,0.025246954336931277,0.0,0.0,5.21
0.013023564639927031,7.911892367597567,0.0,8.072753914634232e-18,0.0,1.2804707126694197e-19,2.4769786721291234e-18,5.581832673688111e-17,0.09050187043693025,1.3022100043960648e-17,1.7949952090763944e-17,0.23593465168533007,0.26173155232510564,0.08762177108398242,1.9715227295833075e-17,0.17154406181241702,9.021069534499595e-18,0.12769959758930857,0.0,0.024966495066925894,0.0,0.0,5.23
0.013113824783676613,7.990227935593582,0.0,1.541260199676646e-17,0.0,1.3845035684966298e-17,4.348976278149506e-18,0.0,0.08709933324296512,7.35742240502598e-18,0.0,0.23416823926058242,0.26350277163874775,0.08868265381994,4.65596557766306e-18,0.17536418882145013,1.22514845490862e-17,0.1274823182341626,3.5519649522363005e-17,0.023700494982151828,0.0,0.0,5.25
0.013197952506098395,8.068563503589598,0.0,0.0,3.3044228078576934e-18,1.0434914808615505e-17,2.8306169304464687e-18,5.6259891359746445e-18,0.08195307187353436,1.7388853886505638e-17,8.631509871036138e-18,0.23281071106910167,0.27360201675344775,0.08797458652522656,0.0,0.16558744348691076,1.1966143037044138e-17,0.13726554599937843,3.448536318950922e-17,0.020806624292400544,0.0,1.3721372486339797e-17,5.28
0.013287124834473358,8.146899071585613,9.335086552892201e-18,7.577395670261357e-19,7.886172744115379e-18,0.0,0.0,0.0,0.07726862243862453,0.0,2.5587793083921085e-17,0.2303078486648777,0.2746412491365793,0.08920763024201625,0.0,0.16951848194295507,0.0,0.13736585644166452,3.814961633594947e-18,0.021690311133282833,0.0,7.210505142493282e-18,5.3
0.013376178671550902,8.225234639581629,0.0,0.0,0.0,8.331132435196137e-18,1.313536013608316e-17,0.0,0.07272154727838515,0.0,1.1318087466878461e-17,0.2286784071535475,0.27760882849712043,0.09018814041613032,3.0260356893212157e-18,0.17125365214055846,0.0,0.1385926816608336,7.579141517984766e-18,0.020956742853424554,1.5113517496482653e-17,5.943355221726971e-18,5.33
0.013465256021059384,8.303570207577645,8.460233184259053e-18,7.331183348418089e-18,3.520370315961237e-19,9.03729819019122e-18,0.0,0.0,0.06800456993243438,1.0406775125522962e-17,0.0,0.22758045582391914,0.2807066762202063,0.09072757739767105,0.0,0.17292963823782947,2.0862512680784424e-17,0.13971816700740664,2.1921343637240653e-17,0.020332915380533237,0.0,0.0,5.35
0.01355481929798657,8.38190577557366,0.0,1.3063389072686476e-17,0.0,7.288029777087284e-18,8.839669592719344e-18,7.299624530290761e-17,0.06344598145316774,0.0,2.330503726765998e-19,0.2265108769476971,0.28300167815574373,0.09124120820911415,0.0,0.17580355904597925,0.0,0.1400461992666787,1.7050625638328458e-17,0.019950496921619442,7.189291102561129e-17,0.0,5.37
0.013643093417225919,8.460241343569676,0.0,0.0,3.688654037791755e-18,1.6085384014569032e-18,1.7319732835985032e-17,3.019445355972776e-17,0.05848929825341125,2.8426378527838104e-16,3.847697157896275e-17,0.22735974250533364,0.2887684628372787,0.09047849999300084,3.0201128873803055e-18,0.17427949259240924,0.0,0.14285548057925776,0.0,0.017769023239308273,3.3689480252464357e-17,5.011255143347358e-18,5.39
0.013732103007248793,8.538576911565691,1.49414253761936e-17,1.5487924640175468e-17,0.0,3.400383325234204e-17,0.0,7.979029414879915e-17,0.05346551511778097,0.0,0.0,0.22755283276350416,0.2927135666075525,0.08963243653988585,0.0,0.17490770472566602,3.118744378052263e-18,0.14444268696143728,5.07380325262088e-17,0.017285257284173176,0.0,0.0,5.42
0.013821636104584716,8.616912479561707,0.0,1.3874845942461356e-18,1.6890852126366644e-17,0.0,1.2554698306056375e-17,0.0,0.04844081194982636,0.0,0.0,0.2265603756679387,0.29505120031604193,0.09033377544665946,1.9247253316816324e-18,0.17754220719907277,0.0,0.14506345019435138,1.114982459504534e-17,0.01700817922610935,1.5957130329687702e-17,2.2413615930802657e-18,5.44
0.013911660940022049,8.695248047557723,1.134974993212911e-17,0.0,5.224945850643034e-18,0.0,0.0,0.0,0.04343249646772265,0.0,0.0,0.2248566806697144,0.29666363430425363,0.09184494258602749,0.0,0.1809930299963055,0.0,0.14538306220264505,0.0,0.016826153773331395,0.0,0.0,5.46
0.014000788446388995,8.773583615553738,0.0,2.993175953563746e-18,0.0,0.0,2.3534731982285785e-17,9.895539221113022e-17,0.038032583711602015,7.772040875270283e-17,6.046058787606319e-18,0.22454588012102716,0.3002472219127623,0.0918948254605089,1.8923700062487144e-18,0.1818287428910529,0.0,0.14714907037238267,1.164592395940877e-17,0.01630167553066392,6.306332054802615e-17,0.0,5.48
0.014089870945524384,8.851919183549754,0.0,0.0,7.61498944192224e-18,0.0,7.469385447411997e-18,0.0,0.032474584479007064,0.0,1.1264621878499832e-17,0.22437345696848898,0.3039108764943188,0.09168617610925577,1.2535133157780182e-17,0.1824837195394293,6.3772286109282394e-18,0.1490269106942357,0.0,0.01604427571526441,0.0,0.0,5.5
0.014179197409440063,8.93025475154577,9.607858778185265e-19,0.0,0.0,0.0,2.1268145026575448e-17,0.0,0.026582906659656645,0.0,2.637658692826315e-17,0.2242728358290844,0.30729561472315353,0.09167026675059518,4.421185399122478e-18,0.18345162438344353,7.653010531386339e-18,0.15076806437307133,0.0,0.015958687280995566,5.238829540186255e-17,9.519506629943738e-18,5.52
0.01426951613268059,9.008590319541785,0.0,0.0,0.0,1.7172526286346155e-17,5.846644923332777e-18,5.3496670298368335e-17,0.021277255479558027,7.670071369822643e-17,0.0,0.22303509011049813,0.3088408012016859,0.0928014313915894,0.0,0.1869290686340937,0.0,0.15110670119465203,0.0,0.016009651987922622,0.0,0.0,5.54
0.014358471286445766,9.0869258875378,7.078183618967818e-19,3.878857877906078e-18,0.0,0.0,1.1888260605318046e-17,0.0,0.01602890130557292,1.1798580677997748e-17,1.0588241801141832e-18,0.22268506061966342,0.3130240444008185,0.09203349649661216,7.509494448130857e-18,0.186944564722696,2.6203682090711376e-18,0.15314699145692037,3.790126122316839e-18,0.016136940997716828,0.0,0.0,5.56
0.014447315773689826,9.165261455533816,7.330154338115725e-19,9.309827072307322e-20,0.0,3.695248405814485e-19,2.9640854274410786e-17,2.111189413433081e-17,0.00946388040674428,0.0,5.780846068874127e-18,0.22186272227863366,0.31697733422363183,0.09341476803292391,0.0,0.1868116455298892,0.0,0.15588398766390665,2.6386247081602113e-17,0.015585661864270479,2.389251902448065e-17,0.0,5.58
0.014536768356052917,9.24359702352983,2.996284027045391e-19,0.0,0.0,0.0,0.0,3.0940708095054436e-18,0.003368151869710816,5.509322205466419e-18,1.1252892343254085e-19,0.22218553126436502,0.32075228524411153,0.09331053771129968,1.6767251911635737e-18,0.18730611104209124,1.6665699098803975e-19,0.1579098639247142,0.0,0.015167518943707754,0.0,0.0,5.6
0.014626634241242383,9.321932591525846,4.9988016098090505e-18,5.021771467584095e-18,2.137222009791832e-17,0.0,0.0,0.001894784025777163,0.0,0.0,2.551891817610916e-18,0.21947804856716518,0.3216309320004554,0.09450366734505615,4.7098569590083e-18,0.19013226817414583,5.28780542930138e-18,0.1575052022153993,0.0,0.014855097672001192,3.1244012365616715e-17,0.0,5.62
0.014718244357482643,9.400268159521861,0.0,0.0,0.0,6.752524090420293e-18,1.5600843830787673e-17,0.00708717502186437,2.2173273461908408e-17,5.474393726753011e-17,0.0,0.21497959814383646,0.3189461047590154,0.09577570903241699,0.0,0.19541728013261145,0.0,0.15352608981860372,5.22316627970454e-17,0.014268043091651444,0.0,0.0,5.64
0.014809859647884737,9.478603727517877,0.0,0.0,0.0,1.7679709795666455e-17,0.0,0.010529456892954585,0.0,0.0,1.2465386794377347e-17,0.21013233716857932,0.3181529623227863,0.0971978533834291,0.0,0.19937931017878793,0.0,0.1516620141668857,0.0,0.012946065886577247,0.0,2.242096975237014e-18,5.66
0.014892249078317597,9.556939295513892,0.0,0.0,4.668727239300689e-18,0.0,1.4823094955653226e-17,5.030987793505272e-18,5.898060699437019e-06,1.4946395423460254e-17,0.0,0.2031425882879138,0.3329906542422503,0.09334256979306194,0.0,0.19032013574103065,0.0,0.168451762839983,3.0434499025598855e-17,0.011746391035060895,0.0,4.6456730729775385e-18,5.68
0.014982460739232255,9.635274863509908,4.2657631530453855e-18,0.0,1.3209702086980402e-17,2.9143360980854374e-18,0.0,0.0,0.0,0.0,0.0,0.1974634966811704,0.3341366909428509,0.0941345947102601,1.7853971748782165e-18,0.19342557600106164,1.1666342307862313e-18,0.17015670703452848,0.0,0.01068293463012866,0.0,1.1419441782578376e-17,5.7
0.015072443688304694,9.713610431505924,0.0,0.0,0.0,1.1183002406963758e-17,0.0,0.0,1.8315400915176257e-17,0.0,1.0506150009212382e-17,0.19312825645579054,0.33695915156347744,0.09450437035071288,2.070809152131727e-18,0.1955755970599799,2.0982116661807033e-18,0.17121722367006012,2.8494431979979796e-17,0.008615400899978955,5.882893275190092e-17,0.0,5.71
0.015161789101755793,9.79194599950194,1.7009819111033747e-18,0.0,0.0,0.0,7.883310771077826e-18,9.287256016642616e-17,1.6933156880621386e-17,1.7274326032072216e-17,0.0,0.18787218092865768,0.3406501422245494,0.0945718050125145,0.0,0.19620932350799747,8.18629170230513e-18,0.17314045810356407,3.403168963079214e-17,0.007556090222716504,1.738197926646932e-17,0.0,5.73
0.01525094453463469,9.870281567497955,0.0,0.0,0.0,0.0,6.347660960279942e-18,5.682200590846711e-17,1.6325405624206045e-17,2.598176000280446e-17,4.776208950191824e-18,0.18245068318197066,0.3449019090650421,0.0951316785093441,6.86572578129503e-19,0.19657387077306923,0.0,0.1747152310779724,0.0,0.006226627392601441,0.0,0.0,5.75
0.015340646216511704,9.94861713549397,0.0,9.974882955853231e-18,0.0,9.828160228512762e-19,0.0,2.638638252194981e-17,0.0,0.0,0.0,0.17776680007325116,0.34881890036930124,0.09513638928932087,1.6532918179789334e-19,0.19752347504504034,3.074591910651066e-18,0.1758899938450111,0.0,0.004864441378075375,1.1829851357143493e-17,7.867399741457881e-18,5.77
0.015429630151116525,10.026952703489986,0.0,7.227192736026204e-18,0.0,3.0543601763560403e-19,0.0,0.0,0.0,0.0,0.0,0.17123797605587193,0.3532595840985828,0.096235760984583,0.0,0.19796792031775298,5.178657512976206e-18,0.1767334102365508,4.959140706930518e-18,0.004565348306658474,0.0,0.0,5.79
0.015519757182146309,10.105288271486002,0.0,6.885718194710183e-18,0.0,7.775695023180806e-18,0.0,0.0,7.58709695705593e-18,1.2810763062671949e-17,2.7825213901121635e-18,0.16738251330435333,0.35736560857831934,0.09522706518252223,2.6564599041308712e-18,0.19965120291387214,0.0,0.17624532206812896,4.781299181279242e-17,0.0041282879528040705,0.0,0.0,5.8
0.015607449764973878,10.183623839482017,2.1190959373753836e-18,0.0,0.0,0.0,1.5703025222214132e-17,0.0,0.0002423307475735546,1.228792449819714e-17,0.0,0.16212657961792581,0.3677792723546923,0.09472520315819537,1.2238342814596904e-17,0.19203425473082203,2.596603281176992e-18,0.18198060216550016,1.3617487294949301e-17,0.001111757225290857,0.0,0.0,5.82
0.015700006362993086,10.261959407478033,0.0,0.0,6.752919266299479e-18,1.7340941583915452e-18,0.0,3.859230358956601e-17,3.1048648656946063e-18,4.00349644017415e-17,0.0,0.15576729900827002,0.36401182465611237,0.09570524244529577,5.745942979013695e-18,0.20000839772048332,4.0955870077847754e-18,0.18266297767969772,3.2967486836700167e-18,0.0018442584901408204,0.0,1.9431094360211196e-18,5.84
0.01579013850924601,10.340294975474048,1.4139759551803512e-19,5.85184736801629e-18,2.890348275704175e-17,0.0,0.0,1.6190276956091755e-16,0.0,5.016809516453448e-17,0.0,0.15097784290672558,0.3685528947583727,0.0951624991376077,9.661628852610631e-18,0.19942217129532797,0.0,0.18539286638527366,3.263490562570633e-17,0.0004917255166921241,1.7387567996491684e-17,4.7795435371477075e-18,5.85
0.01588084426928339,10.418630543470064,6.683535707369997e-18,0.0,1.3206895638749295e-17,0.0,6.066317800265835e-20,0.0,2.0580761972874136e-18,0.0,2.545835920486124e-18,0.14480929296612305,0.3716741661738427,0.09534963441346259,5.502568244720868e-18,0.1999389338176397,0.0,0.188155812702632,1.581191107952338e-17,7.215992630023836e-05,6.722532284174375e-18,0.0,5.87
0.015971264249324588,10.49696611146608,0.0,4.571512994132994e-18,3.1261636198562084e-18,2.0358947772564352e-17,2.9656647138553203e-18,1.579840226887497e-17,0.0,0.0,4.771712198666411e-18,0.13878634599342016,0.37551605755633893,0.0954062789895334,0.0,0.20032867606454938,7.981074850343031e-19,0.18996264139615804,0.0,2.688821387764051e-17,2.7486321385985372e-17,0.0,5.88
0.016061855603665652,10.575301679462095,0.0,7.572651134728166e-18,0.0,0.0,0.0,3.877481452084635e-17,0.0,0.0,0.0,0.13268587162325937,0.37943524504579756,0.09553373086636863,0.0,0.20072498040560854,3.375457950144915e-18,0.19162017205896603,0.0,7.806255641895632e-18,5.148921839352563e-19,0.0,5.9
0.016151998874855012,10.65363724745811,1.8459121214844774e-17,0.0,0.0,0.0,0.0,3.891278323001797e-17,0.0,0.0,0.0,0.126618510183719,0.38502428643099557,0.09544799515469432,2.1211536394006066e-18,0.19949647178425914,3.1396983860701677e-19,0.19341273644633197,1.156797673192527e-17,4.927967853727638e-18,2.081723788867492e-18,8.57678428656312e-19,5.91
0.01624413151454719,10.731972815454126,0.0,0.0,4.798021635085433e-18,0.0,2.668959168924738e-18,0.0,1.4965544987500484e-19,0.0,2.7949709327156715e-18,0.11924833096045052,0.3873154450852436,0.09625191291422519,0.0,0.2001467211308588,0.0,0.1970375899092221,3.533727477235115e-18,0.0,0.0,0.0,5.93
0.01633506341652621,10.810308383450142,0.0,0.0,1.6812810324437794e-17,0.0,1.9460654570814754e-18,2.2863671173326937e-17,0.0,2.5063379358363068e-17,5.436984919649777e-18,0.11457142778944533,0.3921955740904243,0.09544885662752364,3.0437771261835707e-19,0.2006798523825861,0.0,0.19710428911002062,4.2076400340710355e-17,0.0,0.0,8.18577586547087e-18,5.94
0.016429168605903342,10.888643951446156,0.0,0.0,0.0,8.453822277391915e-18,0.0,4.5102810375396984e-17,7.13119587445904e-18,1.7182191928502694e-17,0.0,0.1086367699131963,0.3907957403900233,0.09624070146808172,0.0,0.20668310249073002,0.0,0.19764368573796864,0.0,2.4343532703632348e-17,5.774324452019513e-18,3.703209021033001e-18,5.96
0.016519317312752222,10.966979519442171,5.224513374013102e-18,0.0,4.1970399340680184e-18,0.0,0.0,0.0,9.49051430576284e-18,0.0,0.0,0.10300204679490679,0.3969346891994625,0.09658738370635288,4.757929783382514e-19,0.20642409373190854,0.0,0.19705178656736944,9.894740766350435e-18,3.566690979187726e-18,4.55558552332076e-19,3.868687456335297e-18,5.97
0.01661086531528409,11.045315087438187,3.845796755148761e-18,3.1022205543700727e-18,0.0,0.0,3.231358108963213e-18,0.0,0.0,0.0,0.0,0.09679192129540277,0.4014158954983489,0.0972434565569128,0.0,0.20702396733177658,6.918609391604077e-18,0.19752475931755903,0.0,3.647045745503698e-18,4.736351074011312e-18,1.04305840045589e-17,5.99
0.01670249170708321,11.123650655434203,1.4534055013350592e-18,0.0,0.0,6.397380379227165e-18,0.0,0.0,0.0,3.7488591083078e-18,0.0,0.08928207373999653,0.40599271782547386,0.09844373285815047,1.7238850091769542e-18,0.2062323780386244,2.6497960417191073e-18,0.2000490975377549,0.0,0.0,0.0,3.4904298440616235e-18,6.0
0.01679454674411475,11.201986223430218,1.1430988675945315e-17,0.0,3.602284726286668e-18,0.0,1.1245024536212875e-17,3.374350985265669e-17,0.0,6.492620515438435e-19,0.0,0.08145717052467062,0.41099519542663115,0.09981956732899737,0.0,0.20484931735802284,4.766882098167646e-18,0.20287874936167788,5.622100342642692e-17,4.727906218187604e-18,0.0,0.0,6.02
0.016886997359286327,11.280321791426234,0.0,0.0,1.1487632308843836e-17,1.1283468287583242e-17,8.576837912004859e-18,4.7988133479812886e-17,0.0,9.487023813779582e-18,3.7097981881799674e-19,0.0750672971254214,0.41560052445848855,0.10050193046071772,0.0,0.20508990770833924,0.0,0.20374034024703308,0.0,2.525313515242267e-17,6.791701939411351e-18,0.0,6.03
0.01698014412699391,11.35865735942225,3.537094528526352e-18,0.0,0.0,0.0,0.0,0.0,8.152171850476556e-18,7.049526409381416e-18,0.0,0.07028635546473576,0.4209647221804326,0.09867790633418431,3.3208292759870003e-18,0.2034392212235247,0.0,0.20663179479712268,2.846223860102489e-17,0.0,0.0,0.0,6.04
0.01707329812268449,11.436992927418265,0.0,0.0,6.643645549972402e-18,0.0,0.0,2.5392616607025524e-18,0.0,0.0,0.0,0.06145453074989918,0.4251538374060124,0.10143020526312403,8.387998969484827e-19,0.20320684828421745,3.232579955016273e-18,0.20875457829674693,3.105001836433769e-17,3.0897993632543053e-18,0.0,0.0,6.05
0.017166118873912544,11.51532849541428,3.4123288870833264e-18,3.562185990301267e-18,8.86346211525325e-18,0.0,1.3003322029535002e-18,2.1468587581996442e-17,0.0,8.166358389516127e-18,0.0,0.05782370415403752,0.4313628875381109,0.10069705152040064,0.0,0.204536204276008,2.5005252208703303e-18,0.20558015251144304,1.489341302963118e-17,2.2715651591662255e-17,0.0,0.0,6.07
0.017259913721742588,11.593664063410296,0.0,1.910204135205233e-18,5.398414225336963e-18,0.0,2.1802451933214456e-19,0.0,7.145951323336334e-18,6.067588534036281e-18,3.941051636759806e-18,0.051516234439237175,0.4362877642488021,0.10134931700353621,3.3556879061117906e-18,0.2046103362285777,0.0,0.20623634807984695,3.046139246325737e-17,1.0144132016925602e-18,2.7653106613051644e-18,0.0,6.08
0.01735410579360191,11.671999631406312,0.0,8.291243747221274e-18,0.0,0.0,1.7765292551695004e-18,2.2778348995573335e-17,6.764006045407395e-18,0.0,8.29277552390919e-18,0.04556508975674655,0.4418686738598375,0.10119614189304724,2.8329703345232048e-18,0.20347610721369555,0.0,0.20789398727667333,0.0,0.0,0.0,0.0,6.09
0.017448300634558066,11.750335199402327,0.0,0.0,3.4771230431321696e-18,9.282343640983535e-18,7.323706909503549e-18,0.0,0.0,0.0,5.984722520169134e-18,0.040245322591991,0.4450566884732932,0.10034128484534331,0.0,0.20420940952027608,4.9931910677617346e-18,0.21014729456909664,0.0,7.568200389513861e-19,0.0,0.0,6.1
0.017542529254909348,11.828670767398343,0.0,0.0,2.997097628074165e-18,9.917763788485008e-18,0.0,0.0,5.856776716039995e-18,1.0352147408367506e-18,2.4823726973673485e-18,0.03276526185935384,0.44907664881234644,0.10156688268988948,0.0,0.20395544521420597,0.0,0.21263576142420437,1.822826280178039e-17,5.0383250373495276e-18,0.0,0.0,6.12
0.017636947738960674,11.907006335394358,1.4745942988057306e-18,0.0,0.0,0.0,4.037187018069857e-18,0.0,6.6202637344856156e-18,2.1027222591590248e-18,7.425216481043924e-18,0.027444652773156882,0.45164029869791006,0.1021415556730891,1.998032417154901e-18,0.20745798141063593,2.073012370716824e-20,0.2113155114452082,1.6202822303748294e-17,2.3734753599518465e-18,0.0,2.4064846922122706e-18,6.13
0.017732989616483855,11.985341903390374,0.0,2.389885503296457e-18,0.0,0.0,0.0,1.3225470736621214e-17,3.500459994428075e-18,0.0,3.586301365932501e-18,0.021349157598505343,0.4585309957558848,0.10324778090524775,1.6114527472758455e-18,0.2070280931534874,1.878226333708856e-18,0.20984397258687473,5.308742838779112e-18,0.0,1.703167547548147e-17,0.0,6.14
0.017827659396676427,12.06367747138639,1.3879536252515037e-17,0.0,0.0,0.0,0.0,0.0,2.378834364539296e-17,0.0,0.0,0.015314738746848987,0.4616267020410861,0.10338543308271735,1.3974747127110004e-18,0.20821307379978266,6.100691276668441e-18,0.21146005232956494,3.481356374326904e-18,1.1193302016891114e-17,0.0,6.63126075442427e-18,6.15
0.017923303989809673,12.142013039382405,7.00499993671444e-18,8.946510006757391e-18,0.0,0.0,3.105140916032736e-18,0.0,0.0,9.916438437483474e-18,6.095029759398056e-18,0.006616459861506968,0.465284292111688,0.10645349272017192,3.701294294009029e-18,0.20913283799968035,4.197642852711304e-18,0.21251291730695288,1.984759377959261e-19,4.767531687983369e-18,0.0,1.8001097759756385e-19,6.16
0.018016913418433755,12.22034860737842,9.164027534414022e-19,0.0,3.696475218596801e-18,5.514771215928206e-18,3.1481161671319264e-18,2.1627401144861542e-18,2.341805235479108e-17,0.0,0.0,0.0014103080457124753,0.4659757315939704,0.10505795599600515,0.0,0.2112047492471012,0.0,0.2163512551172109,0.0,1.293673556644967e-19,1.779955790128339e-17,4.544233011898531e-19,6.17
0.018115073333174456,12.298684175374436,0.0,5.232130033587446e-18,1.224130054067404e-17,0.0,0.0,0.0,6.745717066835314e-18,0.0,8.053797159256251e-18,0.0,0.47491075751932665,0.1000224666739413,0.0,0.20723657966404369,3.714400106268921e-18,0.2178301961426884,1.890484310713138e-17,0.0,7.579324900348662e-18,0.0,6.18
0.018216511787316397,12.377019743370452,0.0,1.0196632806132153e-18,2.854437280070185e-19,7.465091864776699e-18,1.4175125524364021e-18,1.734723475976807e-18,1.7146715214285463e-17,0.0,0.0,5.3441407167585174e-18,0.4769703080635421,0.09706272827884732,3.1164987007083843e-18,0.21445200664310626,0.0,0.21151495701450423,3.1816387894258914e-17,2.7929922134999853e-18,2.304497879012443e-19,0.0,6.19
0.01832052542177926,12.455355311366468,0.0,6.448455807721476e-18,0.0,8.454637098279868e-18,0.0,3.0065347555583953e-17,8.681297208701674e-18,0.0,6.588915757674509e-18,0.0,0.470932755846909,0.0925374228053075,0.0,0.22568973388403332,7.132279040901755e-18,0.21084008746375024,5.641147082475388e-18,0.0,2.208964928309707e-17,0.0,6.2
0.018431193577506843,12.533690879362481,1.4338254996095507e-19,6.901066293685001e-18,0.0,6.901021681265782e-18,2.5411395551365897e-18,0.0,4.819535822306892e-18,2.813135047094644e-18,0.0,2.8262061675432477e-18,0.47354027716699854,0.08618829471712168,3.592251143899639e-18,0.2270853085219215,2.7552410847656024e-18,0.21318611959395836,0.0,2.569089789813096e-18,0.0,0.0,6.2
0.01854695446427659,12.612026447358497,2.567790387529106e-18,3.0538629833948754e-18,5.0965520904767466e-18,0.0,0.0,3.122502256758253e-17,0.0,0.0,0.0,7.797846306323046e-18,0.4792214171480637,0.08081000518803488,2.5020396968110717e-18,0.2275516933961152,0.0,0.21241688426778618,0.0,2.0400349972901178e-18,0.0,0.0,6.21
0.018666469831488997,12.690362015354513,0.0,0.0,1.1495312983283506e-17,2.897804230856125e-17,0.0,0.0,1.0535560591773606e-17,0.0,0.0,0.0,0.4794209572436826,0.07726736370473451,2.407953304796565e-19,0.2353367284043881,1.2997456327452651e-18,0.20797495064719496,0.0,9.966796594598571e-19,1.6586422121046039e-18,3.376554016026232e-18,6.21
0.018791073611096505,12.768697583350528,8.277488748167949e-18,0.0,3.4493364386864746e-18,1.301219276580731e-18,2.713356918165776e-18,0.0027041164318215224,0.0,8.630777639308865e-18,4.0638010089616064e-18,0.0,0.47866931849457084,0.07313970404612671,1.6564956228034787e-18,0.24076066978213323,0.0,0.2047261912453478,2.442531599092975e-17,1.5708666842959302e-18,8.965193762774026e-18,2.1016013852202057e-18,6.21
0.018919813361693148,12.847033151346544,2.3837632074206836e-18,1.6100635475438655e-17,0.0,0.0,0.0,0.005193414873324798,0.0,0.0,2.3006792529803866e-17,0.0,0.47862204177338136,0.06917406190813166,0.0,0.24605023993045066,0.0,0.2009602415147114,1.2444015738292816e-16,0.0,1.764745291265911e-17,1.2418340829912527e-18,6.21
0.019052597744727368,12.92536871934256,3.439702843481703e-18,7.235976433632563e-18,7.565288868180512e-18,0.0,0.0,0.006978062188812556,2.525947760219689e-18,0.0,0.0,2.0727091564146993e-18,0.4794266700338296,0.06510645464967264,0.0,0.2510658554852814,8.236097825123647e-19,0.19742295764240372,0.0,0.0,0.0,1.2722220264700244e-18,6.21
0.01918932432994315,13.003704287338575,0.0,5.20061466562724e-18,0.0,0.0,0.0,0.007719474447413228,1.411558116386923e-17,1.433931061513437e-17,1.747568232312009e-18,0.0,0.4816950128292606,0.06096271186981109,0.0,0.2556319266802173,9.571315937135075e-19,0.19399087417329786,0.0,4.6563784679000455e-19,1.8029212678725766e-17,0.0,6.2
0.019330282919555367,13.08203985533459,0.0,4.8914253666341314e-18,0.0,0.0,0.0,0.010834180580803411,2.4266949005597446e-18,0.0,9.471010748469476e-18,2.6855833290575413e-18,0.4829545915852246,0.05689209007780878,4.6875423400008715e-18,0.25919652919531694,4.1090430122715095e-18,0.19012260856084637,3.462040907350649e-17,0.0,0.0,2.0023637776216455e-18,6.2
0.019474827225966197,13.160375423330606,6.6972380301365065e-18,1.0045027065771733e-17,2.3372381475800243e-18,1.4519073237920727e-18,1.4472729233936259e-18,0.011418300474937481,0.0,0.0,0.0,0.0,0.48383219072767947,0.05318606213264526,3.8565861674713775e-18,0.26570276212561045,5.05061604296428e-18,0.18586068453912732,7.788705525033777e-18,4.239447952250732e-18,1.3133929487431667e-17,0.0,6.19
0.019623343895849757,13.238710991326622,0.0,1.0038946245230243e-17,0.0,0.0,5.8772307931319505e-18,0.013631090444393205,1.7004037876184672e-17,7.433553116406438e-18,0.0,0.0,0.48410755149804435,0.04921449120588855,0.0,0.2709482916764846,0.0,0.1820985751751894,1.463869293650725e-16,0.0,0.0,0.0,6.19
0.01977556773401055,13.317046559322637,3.872481908508564e-18,3.2980250212989843e-18,4.658196963650898e-18,0.0,0.0,0.01584689918156436,0.0,0.0,3.6930543798847004e-18,5.6100556189330535e-18,0.4843807447231107,0.04524424265048327,0.0,0.27619520910870476,0.0,0.17833290433613716,0.0,0.0,1.8910115826526277e-17,9.215407951460876e-18,6.18
0.01993141380396682,13.395382127318653,3.6332611308388724e-19,1.608855542651912e-17,1.6806871977675786e-17,6.110857772047715e-18,0.0,0.018064072427274834,4.586140837263365e-18,0.0,0.0,0.0,0.4846531125369978,0.04127467341056532,5.096735429783858e-18,0.2814427590081947,1.3844816083848434e-18,0.1745653826169674,0.0,6.599651257816217e-18,0.0,1.4564065699205888e-17,6.17
0.020091379406654553,13.473717695314669,0.0,1.036298319259868e-17,1.1396023161714e-17,0.0,2.3083051254328372e-18,0.022387751631291128,0.0,0.0,9.8022962319841e-18,0.0,0.48470444706140037,0.03642824025716043,0.0,0.28376477534155903,2.1212407994637004e-18,0.1727147857085892,1.9010925224694173e-17,4.28607701352987e-18,0.0,2.1996721380635376e-18,6.16
0.02025363813446976,13.552053263310684,2.1122624954778893e-18,1.0714994973991456e-17,0.0,0.0,0.0,0.022678152853938344,0.0,9.8853692308958e-18,0.0,1.596239956375648e-17,0.4851020023625334,0.033308918740652615,7.478342459484036e-18,0.29182661409938937,0.0,0.16708431194348633,1.0833211277805362e-17,4.3053178661291374e-19,0.0,0.0,6.15
0.02041989955760444,13.6303888313067,0.0,8.915099176356458e-18,0.0,1.929916250217523e-18,0.0,0.023743887799753286,0.0,0.0,5.134778722064714e-18,1.4496184908134798e-17,0.4854154545252091,0.029329350671100103,1.7713110623544907e-19,0.29796077248319763,0.0,0.1635505345207401,0.0,1.9396769723627957e-19,0.0,5.43249151421133e-19,6.14
0.02058946973873898,13.708724399302715,0.0,2.8784321127468847e-18,0.0,0.0,3.580755321001445e-18,0.026224458110327094,0.0,1.6002322001289663e-17,0.0,1.1092789750592998e-17,0.48452035663639637,0.025648975562120174,0.0,0.3043915336281514,3.0664025313575542e-18,0.15921467606300502,0.0,7.394404875648138e-18,2.7228423269024863e-18,0.0,6.12
0.020762181649546095,13.787059967298731,0.0,0.0,4.945974378878434e-18,1.0908364464558697e-17,1.915290367017743e-18,0.02798998290808056,2.0258258668309454e-18,2.4596451678318736e-17,0.0,0.0,0.4854988134877007,0.021572996438472884,2.6048096650576067e-18,0.30926970358962125,0.0,0.15566850357612472,0.0,8.901957586383583e-18,0.0,0.0,6.11
0.02093789678318575,13.865395535294747,5.719287451620862e-18,0.0,1.2381921355116444e-17,0.0,0.0,0.03142825581919402,7.230451682315664e-19,5.007821319932448e-18,0.0,0.0,0.4862594896930015,0.017488036458994678,0.0,0.3129495990032995,0.0,0.1518746190255105,0.0,3.83587397048562e-20,0.0,3.33617958864586e-18,6.1
0.021116788708492346,13.943731103290762,7.505857886779785e-18,1.0677248343153194e-17,1.349904169632722e-18,0.0,0.0,0.03362568386527804,0.0,1.0869993218068433e-17,5.0726567658828884e-18,0.0,0.48654160114199785,0.013508839353147454,3.087453399544687e-18,0.31819008077573574,6.9354359691119635e-18,0.14813379486384093,1.6620258200551695e-17,0.0,0.0,0.0,6.08
0.021298655746928196,14.022066671286778,7.237568856436443e-18,0.0,1.155288023131034e-18,0.0,1.0130657967877288e-17,0.03586607049084237,0.0,0.0,0.0,1.6114606831805036e-18,0.48680447335219384,0.009551185459806938,0.0,0.32344531353390776,0.0,0.14433295716324918,1.0652197389235498e-17,0.0,3.1732768957146086e-17,8.783008879561022e-19,6.07
0.021483863939257882,14.100402239282793,0.0,3.438825198869926e-18,3.290525684377181e-18,5.501344531330297e-18,0.0,0.03783560889080855,0.0,1.2449288781089872e-17,4.1980449591685764e-18,2.4563099954281854e-18,0.4839727105924823,0.006732044990850394,8.008463436571288e-18,0.3332145459434626,0.0,0.1382450895823962,0.0,9.235768584289129e-18,4.4428015806727965e-18,0.0,6.05
0.021671291693314144,14.178737807278809,0.0,1.9891796915446425e-17,1.0159369890299367e-18,0.0,1.418904216173414e-19,0.04004376004007068,1.180565058671861e-18,1.779655658357437e-17,0.0,0.0,0.48470446315855137,0.0024360667177576625,7.502530193799828e-18,0.337582187981356,1.5666524883419335e-18,0.13523352210226425,0.0,6.0586169387071706e-18,6.307827369102308e-19,0.0,6.04
0.021862239767504624,14.257073375274823,1.0052266944805969e-17,0.0,0.0,0.0,1.1013098819790388e-17,0.05056270498809823,0.0,1.0372290762997965e-17,2.4583111062490594e-18,2.2527936659966994e-18,0.47763939014333556,5.095750210681871e-18,0.0,0.34441541996104125,0.0,0.12738248490752505,8.120681093176379e-18,5.436424286807672e-18,0.0,1.0758363612920402e-17,6.02
0.022061915840962426,14.335408943270838,0.0,0.0,0.0,1.4775418379649532e-17,7.019651344680845e-18,0.05572912914681494,0.0,1.0823427706879364e-17,0.0,1.3281711052514646e-17,0.4869888171897779,1.3226012267612156e-17,3.621147729614156e-18,0.3462725284013297,0.0,0.1110095252620776,0.0,5.370431034742379e-19,0.0,0.0,6.0
0.02225916995531965,14.413744511266854,0.0,2.995445531124006e-18,0.0,5.02953043939655e-18,8.239026257379437e-18,0.06675578245187062,0.0,0.0,9.898457076844067e-18,7.520381844060138e-18,0.45761641349814003,1.8992306595115176e-17,0.0,0.3744865853830366,9.537412459672179e-18,0.10114121866695285,1.597243970164161e-17,0.0,5.470606176271736e-19,5.239814477077858e-18,5.98
0.022471330626387863,14.49208007926287,1.1776340019466274e-17,0.0,0.0,4.81531366880677e-18,0.0,0.07862161885799497,0.0,1.6361804716139605e-18,0.0,0.0,0.432820338528402,8.617767786226955e-18,4.550141296743696e-18,0.3983411544934398,7.781590752736135e-18,0.09021688812016325,2.3846549397593424e-18,0.0,4.637993395430787e-18,4.484946074948611e-19,5.96
0.022675878959728283,14.570415647258885,4.4019026966909974e-18,0.0,0.0,9.511431415747881e-18,0.0,0.08331088179353835,6.93488624697057e-18,3.262769453942744e-18,4.765379252624754e-18,1.164848509302959e-18,0.4451596648523337,0.0,3.482034579768066e-18,0.39818315468685356,0.0,0.07334629866727435,9.874344639102257e-18,4.184191652917203e-18,1.1541488822196185e-18,0.0,5.94
0.02289142726425472,14.6487512152549,0.0,0.0,4.029726079456818e-18,1.798533880645271e-18,0.0,0.09384121526860985,4.044874017504461e-18,0.0,3.0356661651451562e-18,1.5285398213930968e-17,0.43440078806314514,0.0,0.0,0.41184200987678804,0.0,0.059915986791457064,5.37714331598417e-18,0.0,3.7854993899662665e-18,6.5732466188623975e-18,5.92
0.023111628717391062,14.727086783250916,0.0,1.2496200559440873e-19,0.0,6.028464500476236e-18,0.0,0.10407013244362426,1.4610309462534698e-17,0.0,8.618415962485641e-18,3.5203173799845434e-18,0.4242550983401967,0.0,3.6675247277094314e-19,0.4252529755525321,0.0,0.04642179366364698,0.0,2.5958862805680307e-18,5.6906586574971955e-18,0.0,5.9
0.02333669630895258,14.805422351246932,0.0,0.0,2.8341218169173534e-17,0.0,0.0,0.11202862179511272,1.581700867523683e-17,2.1685476588991886e-18,5.843706674043401e-18,1.5599806783975369e-18,0.4140854495189096,2.381607725408843e-17,7.15867196744519e-18,0.4405278205151063,2.988086232298639e-18,0.03335810817087128,0.0,0.0,3.531069946508276e-18,4.755105072547583e-18,5.87
0.02356568036989193,14.883757919242948,3.3608553178865117e-18,9.775884605914243e-18,1.5308991290224263e-17,0.0,0.0,0.12204872027125284,7.118147819240531e-18,0.0,0.0,6.231274730957696e-18,0.4043292957181587,1.460691706949168e-17,0.0,0.45379539860165063,7.271122812568414e-18,0.019826585408937884,0.0,2.4730937979760866e-18,0.0,2.103523771832603e-17,5.85
0.023798658115563257,14.962093487238963,0.0,1.6393597123193125e-17,0.0,2.4753634781061936e-17,0.0,0.13339446460731386,0.0,1.0207500319007236e-18,4.8380302240060134e-18,4.669350676163998e-19,0.39612353152503404,0.0,4.78796657666286e-19,0.4647400025334233,1.162382943459319e-17,0.005742001334228951,7.107401757009776e-18,6.893476958947713e-18,0.0,0.0,5.82
0.024065776323416534,15.040429055234979,1.5567600634746956e-17,1.376665512207695e-17,0.0,4.026224384132887e-17,0.0,0.14415458386733981,0.0,0.0,4.885300606839855e-18,0.0,0.3459924770564625,0.0,5.176783627480042e-18,0.5098529390761978,6.558047554014597e-18,0.0,6.869732955371142e-18,0.0,9.637193766398096e-18,0.0,5.79
0.024500266430725524,15.118764623230994,0.0,0.0,1.3140854598256934e-17,0.0,4.490220748227649e-17,0.15534873702013619,2.4972457549585378e-17,0.0,2.89255673360028e-18,0.0,0.2662057557699825,3.6031133855816253e-19,0.0,0.5784455072098815,0.0,3.444328002405548e-18,0.0,1.0598205092738858e-17,0.0,3.419055868381918e-17,5.72
0.02511595276002755,15.19710019122701,1.1102230246251565e-16,2.831068712794149e-15,0.0,0.0,1.1102230246251565e-15,0.1814722889022093,1.2212453270876722e-15,0.0,0.0,2.4424906541753444e-15,0.1721600505010753,0.0,0.0,0.6463676605967184,2.3314683517128287e-15,0.0,0.0,0.0,0.0,0.0,5.61
0.025881782763306705,15.275435759223026,0.0,0.0,0.0,5.641295045588501e-17,0.0,0.177097252427588,6.550115865898201e-17,0.0,1.931937988286502e-17,0.0,0.10724334972952616,0.0,3.1734432709305225e-17,0.7156593978428858,2.6055021710225595e-17,0.0,0.0,2.3215930068292056e-17,0.0,8.000544856010434e-17,5.48
0.02680240001313146,15.353771327219041,1.3144188995392367e-18,9.831358557958933e-17,6.475405945270667e-17,3.194617391820148e-17,0.0,0.18803807418696136,0.0,0.0,0.0,9.631365807952302e-17,0.027698573588433913,0.0,3.1853047997762365e-17,0.7842633522246049,1.890581243213485e-17,0.0,0.0,0.0,1.0538552205095185e-17,0.0,5.32
0.027927578045769962,15.432106895215057,2.2484683851524308e-17,0.0,0.0,0.0,0.0,0.14469326937463264,1.238179961711685e-17,0.0,4.698826433070101e-17,0.0,1.1796119636642288e-16,1.0671719392499782e-16,7.804524533733477e-17,0.8553067306253672,2.4669067748682192e-17,0.0,0.0,4.0201843769717695e-18,0.0,5.597646309051797e-17,5.13
0.02946502912335496,15.510442463211072,0.0,0.0,0.0,1.185102063059191e-16,0.0,0.07234663454738569,8.099786816572056e-17,6.896791366705947e-18,1.431367904509828e-16,1.3011581979400743e-16,0.0,0.0,9.831742183802676e-17,0.9276533654526145,7.336849493110232e-17,0.0,9.56733920063795e-17,3.2094520534019175e-18,8.337800347694966e-18,0.0,4.89
0.031372349310075535,15.588778031207088,5.087076593301987e-16,0.0,2.097931203759451e-16,0.0,1.0740106720641407e-15,7.782785948207138e-07,3.415236843329339e-17,1.3511327473514356e-15,0.0,0.0,1.1518563880486e-15,0.0,0.0,0.9999992814746019,2.6356954813122613e-15,4.669658756895068e-16,0.0,0.0,0.0,2.0036056147532122e-16,4.62
